genus,plant_growth_form,dispersal_syndrome,plant_height,seed_dry_mass
Acanthocarpus,shrub,NA,0.56875,32.103750000000005
Acidonia,shrub,NA,3,NA
Callitris,tree,barochory,13.649607843137256,9.40363286516854
Adenanthera,tree,zoochory,21.833333333333332,225.6084166625
Adenanthos,tree,zoochory,2.0282608695652176,13.49493925
Agastachys,tree,NA,8.25,1.2444
Agathis,tree,anemochory,50,43.94
Agrostocrinum,herb,NA,0.875,2.5448666666666666
Ailanthus,tree,anemochory,35.0667,66
Akania,tree,NA,13.4,NA
Alangium,tree,NA,17.47225,NA
Alania,herb,NA,0.2,0.0302
Albizia,tree,NA,24,115.17181034482759
Alectryon,tree,zoochory,10.282608695652174,42.24566555798817
Allocasuarina,tree,anemochory,4.408471074380166,2.2801060249042147
Allophylus,tree,NA,6,52.2372
Alloxylon,tree,NA,29.75,NA
Alpinia,herb,endozoochory,2.3862941176470587,15.090821175
Pleuranthodium,herb,NA,3.5,NA
Ammannia,herb subshrub,epizoochory,0.4,0.02904997222222222
Amomum,shrub,NA,3.75,NA
Anemone,herb,zoochory,0.26,NA
Anigozanthos,herb,NA,0.6489130434782608,0.8292070588235294
Anthobolus,shrub,NA,2.4,56.1384
Anthotium,herb,NA,0.24300000000000002,0.0724
Antiaris,tree,NA,26,4787.7028985
Apatophyllum,shrub,NA,0.4466,NA
Aphananthe,tree,NA,25.3334,44.1078212
Apodytes,tree,NA,19.333333333333332,145
Araucaria,tree,zoochory,45.833375000000004,3875.8715716666666
Archidendron,tree,zoochory,16.98990909090909,450
Archidendropsis,tree,NA,24,63.2324
Aristolochia,herb,barochory,14.25,4.8088
Arnhemia,tree,myrmecochory,0.3,15.3
Artabotrys,climber_woody,NA,NA,NA
Artocarpus,tree,NA,22,5898
Arytera,tree,endozoochory,15.26923076923077,235.0825
Astelia,herb,endozoochory,0.6055,1.679460606060606
Atalaya,tree,anemochory,9.646454545454546,68.59001152
Atherosperma,tree,anemochory,22.6,1.5825999999999998
Athertonia,tree,zoochory,22.666666666666668,1650
Athrotaxis,tree,anemochory,22,1.6493846153846154
Atkinsonia,shrub,NA,1.3333333333333333,223.8152
Australina,herb,zoochory,0.54,0.252
Austrobaileya,climber_woody,NA,40,364.7954
Austromatthaea,tree,NA,5.5,NA
Austromuellera,tree,NA,16.285714285714285,NA
Balanops,tree,NA,35,NA
Banksia,tree,barochory,3.8063909952606636,36.56563807511916
Barklya,tree,NA,18.666666666666668,NA
Bauhinia,tree,barochory,8.634904761904762,245.97131538461537
Beilschmiedia,tree,endozoochory,32.111111111111114,11234.0275
Bellendena,shrub,NA,0.775,24.801266666666667
Blandfordia,herb,barochory,0.5166666666666666,1.5163452705882352
Blepharocarya,tree,NA,26.5,14.4312
Boehmeria,shrub tree,NA,2.375,0.1044
Borya,tussock,NA,0.20148060925925926,0.218775
Brucea,tree,zoochory,8.666666666666666,NA
Bruguiera,tree,hydrochory,19.647058823529413,3276.6666666666665
Brunonia,herb shrub,undefined,0.252264462,2.140876923076923
Bubbia,tree,NA,8.6,NA
Buchanania,tree,zoochory,16.272727272727273,250.22666666666666
Bulbine,tussock,undefined,0.31351597758064514,1.86105740167364
Caesalpinia,shrub tree,hydrochory,7.3667,1758.53692025
Mezoneuron,shrub,barochory,NA,NA
Caesia,tussock,zoochory,0.4380485037419355,2.173063157894737
Campynema,herb,NA,0.275,0.0867
Cananga,tree,endozoochory,30,46.4
Canarium,tree,zoochory,29.733333333333334,638.996
Cansjera,climber_woody shrub,endozoochory,6,NA
Carallia,tree,zoochory,24,54
Cardiopteris,climber_woody,anemochory,NA,11
Cardwellia,tree,anemochory,32.2,587.364
Carnarvonia,tree,NA,30.8,NA
Cassia,tree,epizoochory,13.6795,51.229927272727274
Elaeodendron,tree,zoochory,8.666692307692308,506.373108975
Cassytha,tree,zoochory,NA,29.83947115769231
Castanospora,tree,endozoochory,30.714285714285715,2000
Casuarina,tree,anemochory hydrochory,16.97820512820513,2.063972809667674
Catalepidia,tree,NA,13,NA
Cathormion,tree,NA,13.6,272.8577
Celastrus,shrub,endozoochory,31,10.545544554455446
Celtis,tree,NA,20.133333333333333,NA
Cenarrhenes,tree,zoochory,10,235.2971
Ceriops,tree,hydrochory,7.67,2550
Chamaecrista,subshrub,barochory,0.5208333333333334,9.076480008333334
Chamaescilla,tussock,undefined,0.23124837042857144,0.846791
Choretrum,shrub tree,endozoochory,2.264466666666667,30.91222857142857
Cinnamomum,tree,zoochory,26.384615384615383,650
Cissampelos,climber_woody,zoochory,NA,10.5022
Citronella,tree,zoochory,27.92588888888889,310
Clematis,subshrub,anemochory,5.128772727272727,4.6021312
Combretum,shrub,NA,NA,NA
Conospermum,tree,barochory,1.1963129770992367,4.740592078723404
Conostylis,herb,NA,0.23785714285714285,0.7678918428571428
Coopernookia,subshrub,zoochory,1.0395625,3.1934333333333336
Cordyline,tree,endozoochory,3.1641153846153847,11.1492
Corynocarpus,tree,NA,15.272727272727273,8250
Corynotheca,shrub,zoochory,0.6791666666666667,6.54
Cossinia,tree,NA,7.5,NA
Cheilocostus,herb shrub,NA,4,NA
Crinum,herb,hydrochory,0.8166666666666667,NA
Crudia,tree,NA,20,NA
Cryptocarya,tree,zoochory,23.616664285714286,1807.3115454545455
Cupaniopsis,tree,zoochory,14.8,289.06631441111114
Curculigo,herb tussock,barochory,0.3,NA
Curcuma,herb,NA,0.475,NA
Uvaria,shrub,endozoochory,9.65,125.90466666666667
Cycas,tree,zoochory,4.578571428571428,10315.9
Cynometra,tree,hydrochory,17,6720
Dampiera,subshrub,zoochory,0.5651280326521739,3.3210636363636366
Dansiea,tree,NA,22.5,NA
Daphnandra,tree,NA,20.4,6.879993075
Darlingia,tree,anemochory,30.125,217
Dasypogon,shrub,NA,1.6875,43.12028
Dendrocnide,tree,endozoochory,16.058823529411764,0.5001401954954955
Dendrophthoe,tree,endozoochory,NA,48.45
Denhamia,tree,zoochory,8.322393442622952,21.57168888888889
Desmos,climber_woody shrub,NA,39,NA
Dianella,tussock,zoochory,0.8862043478260869,5.676807665957447
Diaspasis,herb shrub,NA,0.43333333333333335,NA
Dichopogon,herb,barochory,0.30338573507692307,0.46645899999999996
Arthropodium,tussock,undefined,1.6866165792619048,1.5064223555555556
Dichrostachys,shrub tree,NA,4,26.1513
Dictyoneura,tree,NA,9.666666666666666,NA
Dimocarpus,tree,NA,16.666666666666668,NA
Dioscorea,herb,anemochory,4,6.5088
Diplarrena,herb,barochory,33.9,2.4179749999999998
Diploglottis,tree,endozoochory,18.555566666666667,1890.0522166666667
Diplopeltis,shrub,NA,1.0875,6.78816
Diselma,tree,anemochory,4.5,1.2511999999999999
Dodonaea,tree,zoochory,2.8050337552742617,5.551203990116279
Doryanthes,shrub,barochory,2.875,39.94997142857143
Doryphora,tree,anemochory,34.9667,9.52945
Dryadodaphne,tree,NA,45,NA
Drymophila,herb,endozoochory,0.27216666666666667,4.1172
Echinostephia,climber_herbaceous,endozoochory,NA,NA
Eidothea,tree,zoochory,40,11600
Elaeagnus,shrub tree,endozoochory,NA,150
Elatostema,herb subshrub,NA,0.91675,NA
Elattostachys,tree,NA,14.288866666666667,82
Endiandra,tree,zoochory,27.13,9834.583333333334
Wilkiea,tree,zoochory,7.013333333333334,169.48000000000002
Entada,climber_woody,hydrochory,NA,14798.88975
Epilobium,herb,anemochory,0.698,0.1039781
Erythrophleum,tree,barochory,16,472.3774
Euonymus,tree,NA,8,NA
Dinghoua,tree,NA,5.666666666666667,NA
Eupomatia,tree,zoochory,4.517647058823529,9.91528
Euroschinus,tree,zoochory,28.75,15.002
Eustrephus,climber_woody,endozoochory,6,22.063871428571428
Exocarpos,tree,zoochory,4.634114754098361,43.484985631818184
Fatoua,herb subshrub,NA,1,NA
Ficus,tree,zoochory,20.41208053691275,1.7764978487951808
Meiogyne,tree,NA,6.638888888888889,143.4010152
Floydia,tree,NA,28,NA
Franklandia,shrub,NA,1.3,NA
Galbulimima,tree,NA,40,NA
Ganophyllum,tree,NA,23.8,79.832
Garuga,tree,NA,32.5,NA
Geitonoplesium,climber_woody,endozoochory,3,11.75813894
Bleasdalea,tree,NA,24,NA
Glischrocaryon,subshrub,zoochory,0.592375,3.84992
Globba,herb,NA,0.3,NA
Gomphandra,tree,endozoochory,16.25,830
Goniothalamus,tree,NA,30,640
Gonocarpus,tree,zoochory,0.48571033009589043,0.464651325
Trihaloragis,herb shrub subshrub,NA,0.37,NA
Goodenia,subshrub,zoochory,0.4373621533441109,1.4971594591304347
Grevillea,tree,zoochory,2.362652996845426,31.631732384210526
Guioa,tree,endozoochory,15.595238095238095,36.23716666666667
Gunnera,herb,NA,0.1,3.5328
Gymnostoma,tree,NA,7,3.63
Gyrocarpus,tree,NA,12.333333333333334,360.5110922
Haemodorum,herb,zoochory,0.8831944444444444,5.104086578947369
Hakea,tree,barochory,2.9834981412639405,27.774795781722933
Haloragis,subshrub,zoochory,0.4142291120416667,3.541076
Meionectes,herb,NA,0.4,NA
Haloragodendron,tree,anemochory,1.763157894736842,2.7585
Hanguana,herb,NA,2.25,17
Polyalthia,tree,NA,4.384615384615385,NA
Harpullia,tree,endozoochory,11.764344827586207,380.635
Harrisonia,tree,NA,4,NA
Hedraianthera,tree,NA,5,NA
Hedycarya,tree,zoochory,13.82857142857143,24.89168
Helicia,tree,endozoochory,13.943117647058823,23
Helmholtzia,herb,NA,7.3666,0.32180000000000003
Hemmantia,tree,NA,2.6666666666666665,NA
Hensmania,herb,NA,0.225,0.66
Herpolirion,herb,barochory,0.15000000000000002,1.5591875
Hexaspora,tree,NA,15,NA
Hicksbeachia,tree,NA,10.791625,NA
Hippocratea,climber_woody,anemochory,29,41.498
Hodgsoniola,herb,NA,0.8,NA
Hollandaea,tree,NA,11.25,NA
Hornstedtia,herb,endozoochory,4,1.8
Horsfieldia,tree,NA,21.666666666666668,NA
Hypoxis,herb,undefined,0.2708333333333333,1.0211999999999999
Pauridia,herb,undefined,0.21666666666666667,0.18304
Hypserpa,climber_woody shrub,endozoochory,41,141
Hypsophila,tree,NA,8.8,NA
Idiospermum,tree,NA,25,82000
Ilex,tree,endozoochory,18.17946153846154,NA
Intsia,tree,NA,30,2112.15550075
Iphigenia,herb,barochory,0.44,4.44442395
Irvingbaileya,tree,NA,21,220
Isophysis,herb,NA,0.2,0.66
Isopogon,tree,undefined,1.4458415841584158,18.215129087850467
Cnesmocarpon,tree,NA,24.333333333333332,NA
Jagera,tree,NA,17.05130769230769,36.149
Jedda,shrub,NA,2,NA
Johnsonia,herb,NA,0.3845454545454545,1.729225
Kelleria,subshrub,zoochory,NA,0.6096231125
Kingia,tree,NA,8,29.827551
Korthalsella,tree,endozoochory,0.12871428571428573,NA
Kuntheria,shrub,NA,2,NA
Labichea,subshrub,NA,1.72,43.237885
Lagarostrobos,tree,hydrochory,29.333333333333332,NA
Lagerstroemia,tree,NA,15,4.336
Lambertia,tree,barochory,3.4473225806451615,20.33990447303371
Laportea,shrub,NA,2,NA
Laxmannia,herb,barochory,0.19130232558139534,0.458131214953271
Lechenaultia,subshrub,NA,0.5625081967213115,8.219999999999999
Legnephora,climber_woody,endozoochory,NA,20.35
Lepiderema,tree,NA,9.88888888888889,420
Lepidopetalum,tree,NA,13,NA
Lepidozamia,tree,endozoochory,10.5,21000
Lepisanthes,tree,NA,10,633.44
Leptomeria,shrub,zoochory,1.6231052631578948,5.564846666666667
Lethedon,tree,NA,13.333333333333334,13
Levieria,tree,NA,14.75,NA
Libertia,herb,barochory,0.44999999999999996,0.86900805
Lindera,tree,NA,35,281.15
Litsea,tree,zoochory,25.647058823529413,293.25912
Lomandra,tussock,undefined,0.596400378625,9.6165073
Lomatia,tree,anemochory,6.525,9.888420560747663
Lophopetalum,tree,NA,12.75,NA
Ludwigia,shrub,hydrochory,1.7960588235294117,0.12678883157894738
Lumnitzera,tree,hydrochory,8.090909090909092,177.2616
Lysiana,tree,zoochory,4,7.573
Lythrum,herb subshrub,hydrochory,0.672885,0.10619722222222222
Lasjia,tree,NA,28.5,NA
Macadamia,tree,NA,11.153846153846153,4939.44
Macgregoria,herb,NA,0.1375,0.3875
Macropidia,herb,NA,1.8,14.1796
Macropteranthes,tree,NA,13.6,17.7682692
Malaisia,shrub,endozoochory,10,86
Maniltoa,tree,NA,22,NA
Medinilla,climber_woody tree,NA,NA,NA
Megahertzia,tree,NA,10,NA
Melastoma,shrub tree,NA,2.5185555555555554,0.07893333333333333
Memecylon,tree,NA,8.5,131.724
Myriophyllum,herb,hydrochory,0.3051190476190476,0.29719948181818184
Microcachrys,shrub,zoochory,0.5333333333333333,1.88832
Pherosphaera,shrub,anemochory hydrochory,1.7618571428571428,0.897
Miliusa,tree,NA,20.923076923076923,NA
Milligania,herb,NA,0.425,0.29594105
Mischocarpus,tree,endozoochory,15.58334375,145.97333333333333
Mitrella,climber_woody shrub,NA,NA,NA
Mitrephora,tree,NA,15,NA
Molineria,herb,NA,1,2.4255999999999998
Muellerina,tree,endozoochory,25,NA
Thysanotus,tussock,undefined,0.42796634085714286,1.830013646153846
Musa,tree,NA,7.6,NA
Musgravea,tree,NA,26,22
Myosurus,herb,epizoochory,0.12666666666666668,0.09550666666666667
Myristica,tree,endozoochory,23.142857142857142,1226
Neoastelia,herb,NA,NA,0.1356
Neolitsea,tree,endozoochory,20.928571428571427,173.238
Neorites,tree,NA,25,NA
Neostrearia,tree,NA,10.666666666666666,NA
Neptunia,shrub,zoochory,1.4,16.676066666666667
Noahdendron,tree,NA,10,NA
Nothocnide,climber_woody shrub,NA,NA,NA
Nothofagus,tree,epizoochory,31.5,7.16880303
Notothixos,shrub,endozoochory,0.5952857142857143,NA
Nuytsia,tree,NA,8.333333333333334,80.82499999999999
Olax,tree,endozoochory,1.5551724137931033,39.50574578
Omphacomeria,shrub,endozoochory,1.05825,NA
Opilia,climber_woody shrub,NA,8.5,351.6355582
Opisthiolepis,tree,NA,31.5,180
Phaleria,tree,zoochory,5.416666666666667,1603.66
Orites,tree,anemochory,7.925263157894737,8.037422222222222
Nothorites,tree,NA,28.333333333333332,NA
Orthrosanthus,herb,barochory,0.584375,1.97144
Osbeckia,shrub,NA,1.62,0.0506
Ostrearia,tree,NA,25,100
Pachygone,climber_woody,endozoochory,15,NA
Palmeria,climber_woody,endozoochory,41,NA
Parapachygone,climber_woody,endozoochory,NA,1300
Pararchidendron,tree,zoochory,14.6875,60.829301066666666
Paraserianthes,tree,NA,7.66675,75.36566666666667
Falcataria,tree,NA,28,NA
Parietaria,shrub,zoochory,0.4954545454545455,0.3169
Patersonia,tussock,myrmecochory,0.46453846153846157,1.7671629032258065
Peltophorum,tree,anemochory,12.5,55.35128
Pemphis,tree,hydrochory,4.833333333333333,0.7788
Pennantia,tree,NA,23.33325,352.85315789473685
Pentaptilon,herb,NA,0.45,0.285
Peperomia,shrub,endozoochory,0.22692307692307692,0.23432
Perrottetia,tree,NA,5.666666666666667,NA
Persoonia,tree,zoochory,2.2919520547945207,163.66151090217917
Petalostylis,shrub,NA,2.357142857142857,15.491916666666667
Petermannia,climber_herbaceous,NA,6,NA
Petrophile,subshrub,barochory,1.3020359712230216,5.89091881
Philydrella,herb,NA,0.235,NA
Philydrum,herb,epizoochory,1.075,0.05392
Phyllocladus,tree,zoochory,18.2,2.9334
Pilostyles,herb,NA,NA,NA
Pimelea,subshrub,zoochory,1.0962476635514018,3.1987201464285713
Piper,tree,endozoochory,25.666666666666668,34.858317757009345
Pipturus,tree,endozoochory,10,0.3771
Placospermum,tree,NA,22.333333333333332,23.89
Pleiogynium,tree,zoochory,20,18
Pleogyne,climber_woody,endozoochory,NA,NA
Dracaena,tree,NA,5.5,NA
Pleurostylia,tree,NA,15,NA
Podocarpus,tree,zoochory,16.692777777777778,555.96205
Monoon,tree,NA,22.53846153846154,7000
Huberantha,tree,endozoochory,14.5,823.5
Pouzolzia,shrub tree,NA,0.8,NA
Procris,shrub,NA,NA,NA
Proiphys,herb,NA,0.7333333333333333,NA
Prumnopitys,tree,zoochory,31,905.5
Psammomoya,shrub,NA,0.9416666666666667,NA
Pseuduvaria,tree,NA,8.466666666666667,NA
Psychrophila,herb,epizoochory,0.10871428571428571,0.7072307692307692
Pternandra,tree,NA,15,0.085
Pycnarrhena,climber_woody,endozoochory,NA,160
Samadera,tree,NA,5.547642857142857,NA
Ranunculus,tussock,zoochory,0.36977777777777776,1.6962956886227545
Rhizophora,tree,hydrochory,17.8,32835
Rhodosphaera,tree,NA,20.1334,409.6154
Rhus,tree,endozoochory,30,12
Rhysotoechia,tree,endozoochory,16.627470588235294,307.9225
Ripogonum,climber_woody shrub,endozoochory,17,85.81
Romnalda,herb,NA,0.6166666666666667,14.8772
Rotala,herb,NA,0.19714285714285715,0.05125
Ryticaryum,shrub,NA,5,NA
Salacia,shrub,endozoochory,20,3600
Santalum,tree,epizoochory,4.6383636363636365,1614.389952631579
Sarcopetalum,climber_woody,zoochory,NA,10.89225
Sarcopteryx,tree,endozoochory,18.549,67
Sarcotoechia,tree,endozoochory,16.714285714285715,226.66666666666666
Scaevola,tree,zoochory,0.825752808988764,20.474562833333334
Schelhammera,herb,zoochory,0.2534,4.3903
Selliera,herb,epizoochory,0.5881428571428572,0.5590666666666666
Semecarpus,tree,zoochory,30,3500
Senna,tree,myrmecochory,3.1320916666666667,16.654027
Siphonodon,tree,zoochory,24.8,219.7149
Smilax,climber_woody,zoochory,10.333333333333334,46.54193544444444
Sonneratia,tree,hydrochory,15.428571428571429,NA
Sowerbaea,herb,barochory,0.46875,1.55865
Sphalmium,tree,NA,30,NA
Spirogardnera,shrub,NA,1.6,NA
Stackhousia,shrub,zoochory,0.5115,2.2508796738095236
Stawellia,herb,NA,0.30000000000000004,NA
Steganthera,tree,endozoochory,12.16,130
Stemona,shrub,myrmecochory,1.15,29.38
Stenocarpus,tree,anemochory,20.763451612903225,54.476
Stephania,climber_woody,zoochory,29,16.648997033333334
Stirlingia,shrub,NA,0.9847368421052631,5.172255
Storckiella,tree,NA,35,NA
Strangea,shrub,NA,1.2296666666666667,141.77466665
Streblus,tree,zoochory,20.833333333333332,13.738035366666667
Stypandra,shrub,barochory,0.77,1.1754
Symphionema,subshrub,anemochory,0.5666666666666667,NA
Synaphea,shrub subshrub,NA,0.4449484536082474,7.1464754
Synima,tree,endozoochory,17.25,215.305
Tacca,shrub,zoochory,1.4166666666666667,22.126856
Tapeinochilos,tree,endozoochory,4,1
Tasmannia,tree,zoochory,3.575326923076923,4.908622222222222
Telopea,tree,anemochory,7,55.095103323966946
Terminalia,tree,zoochory,14.344444444444445,2323.0141263384617
Thelionema,tussock,barochory,0.6069166666666667,1.4652
Thesium,herb,endozoochory,0.33325000000000005,3.7648
Tiliacora,tree,NA,NA,NA
Tinospora,climber_woody,zoochory,2,44.65
Toechima,tree,endozoochory,16.727272727272727,114.64075
Trema,tree,zoochory,9.5,3.18
Tribonanthes,herb,NA,0.23263157894736844,0.14900665999999999
Tricoryne,herb,undefined,0.39513,4.4158
Trimenia,climber_woody shrub,NA,NA,1.663
Tripladenia,herb,NA,0.311,NA
Tripterococcus,herb,NA,0.88,1.9362
Tristiropsis,tree,NA,31.666666666666668,NA
Trithuria,herb,epizoochory,0.04318181818181818,0.55053335
Triunia,tree,zoochory,7.2333,1491.0549999999998
Typha,tussock,anemochory,2.760375,0.14884976
Urtica,herb shrub,zoochory,0.7633,0.233
Velleia,herb shrub,zoochory,0.3745569440131579,2.9425481764705883
Verreauxia,shrub,NA,1.075,2.236
Wikstroemia,shrub tree,zoochory,2.0375,23.397725
Wollemia,tree,anemochory,40,NA
Wurmbea,herb shrub,undefined,0.1357881780875,1.1078966653846154
Xanthorrhoea,tussock,barochory,2.235483870967742,12.044205945945945
Ximenia,shrub tree,hydrochory,5,851.60780856
Xylomelum,tree,anemochory,8.974384615384615,406.39336734
Xylopia,tree,endozoochory,16.571428571428573,150
Abrotanella,herb,epizoochory,0.08,0.39852857142857145
Abutilon,subshrub,zoochory,2.350806451612903,2.34925
Acacia,tree,zoochory,4.4593837357052095,19.9104108680882
Acalypha,shrub,myrmecochory,3.4488235294117646,1.5666202333333332
Achyranthes,tree,zoochory,1.0221666666666667,3.5589066666666667
Acianthus,herb,barochory,0.135,0.001
Acmella,herb,NA,0.31333333333333335,NA
Acrachne,tussock,anemochory,1,0.19619999999999999
Acradenia,tree,NA,18.333333333333332,8.2454
Acriopsis,herb,NA,NA,NA
Acronychia,tree,endozoochory,14.938461538461539,20.212715316816976
Acrostichum,fern herb,NA,NA,NA
Actinostachys,fern herb,NA,NA,NA
Actites,herb,anemochory,0.44716666666666666,NA
Acunniana,herb,NA,NA,NA
Adenia,climber_woody,NA,30,NA
Adenochilus,herb,NA,NA,NA
Adenostemma,herb subshrub,NA,0.825,0.73848
Adiantum,herb,barochory,0.46,4.8525
Adriana,shrub,zoochory,2.2142857142857144,21.9216
Aegiceras,tree,hydrochory,4.388833333333333,510
Aerva,shrub,anemochory,1,0.275
Afrohybanthus,shrub subshrub,barochory,0.5857142857142857,1.37817856
Aglaia,tree,zoochory,16.37037037037037,419.71
Agrostis,tussock,epizoochory,0.38505555555555554,0.18123293333333335
Polypogon,herb,epizoochory,0.43376470588235294,0.1744
Alchornea,tree,ballistic,5.25,15.373999999999999
Aldrovanda,herb,zoochory,NA,NA
Aleurites,tree,zoochory,29,4259
Alexgeorgea,herb,NA,0.36666666666666664,NA
Alisma,herb,hydrochory,0.8666,0.45795652173913043
Allopterigeron,herb,NA,NA,3.7496
Alocasia,herb,zoochory,1.45,10
Alphitonia,tree,zoochory,24.11111111111111,26.02660714285714
Alstonia,tree,barochory,24.6,2.94704
Alyxia,tree,zoochory,4.285714285714286,129.32939075555555
Amorphophallus,herb,NA,1.375,NA
Amperea,subshrub,zoochory,0.49444444444444446,1.38
Amphibolis,herb,hydrochory,0.9142857142857143,NA
Amphibromus,tussock,undefined,0.8716333333333334,0.8135
Amphineuron,fern,NA,NA,NA
Amphipogon,tussock,epizoochory,0.4394736842105263,0.76016
Amyema,tree,zoochory,7.4,22.0528
Amylotheca,shrub,endozoochory,NA,36
Anacolosa,tree,NA,7,NA
Anarthria,herb,NA,0.675,2.4392
Angiopteris,herb,NA,1.21675,NA
Angophora,tree,zoochory,14.099977777777777,7.556048513868613
Anisopogon,tussock,epizoochory,0.875,40.64966666666667
Anogramma,fern herb,anemochory,NA,NA
Anthocarapa,tree,endozoochory,30,NA
Anthocercis,shrub,zoochory,2.55,0.61729
Anthosachne,tussock,zoochory,0.8691111111111112,4.79934814
Anthotroche,shrub,NA,2.5,NA
Antrophyum,fern,NA,NA,NA
Aphelia,tussock,undefined,0.05346153846153846,0.10313066
Aphyllorchis,herb,NA,NA,NA
Apium,shrub,zoochory,2.0985833333333335,0.9210857142857143
Apodasmia,herb,zoochory,0.8375,0.8158
Capparis,tree,zoochory,6.2477857142857145,44.78623592857143
Apostasia,herb,NA,NA,NA
Apowollastonia,subshrub,epizoochory,0.7110000000000001,1.4473333333333334
Appendicula,herb,NA,NA,NA
Arabidella,subshrub,barochory zoochory,0.4618235294117647,0.105396
Arachniodes,fern,NA,NA,NA
Archontophoenix,tree,zoochory,24.7,377.96733333333333
Ardisia,tree,endozoochory,5.5,73
Arenga,tree,NA,20,166.4228
Argusia,shrub tree,NA,3.625,15.84
Aristida,tussock,zoochory,0.770993275862069,1.9553315098039215
Arnocrinum,herb,NA,0.4666666666666667,NA
Arrhenechthites,herb,anemochory,0.7,1.2898876
Arthrochilus,herb,anemochory,0.5,NA
Arthropteris,herb,anemochory,0.4,0.001
Asparagus,shrub,zoochory,3.109090909090909,37.4777
Asplenium,herb,barochory,0.6141666666666666,0.001
Asterolasia,tree,zoochory,1.2456,2.862623014285714
Astonia,herb,NA,NA,NA
Astrebla,tussock,epizoochory,0.7546111111111111,2.39966
Atractocarpus,tree,zoochory,9.447368421052632,56.837585714285716
Atriplex,subshrub,zoochory,0.6807375886524822,3.502694645132743
Auranticarpa,tree,endozoochory,19.357142857142858,14.6366
Australopyrum,tussock,epizoochory,0.5335714285714286,3.723072727272727
Austrochloris,herb,NA,0.75,NA
Rytidosperma,tussock,zoochory,0.4509061011881188,1.7617114285714286
Hookerochloa,tussock,epizoochory,0.8647777777777778,NA
Poa,tussock,undefined,0.5428874396135266,0.42644501282051284
Austrostipa,tussock,zoochory,0.7450107001340996,0.84534640625
Avicennia,tree,hydrochory,8,3400
Azolla,herb,hydrochory,0.07666666666666667,0.001
Baileyoxylon,tree,NA,30,1700
Balanophora,herb,NA,0.1,NA
Ballantinia,herb,barochory zoochory,NA,0.084
Baloghia,tree,ballistic,17.333333333333332,53.9224
Baloskion,tussock,zoochory,0.8305555555555556,0.11377142857142857
Bambusa,tussock,hydrochory,14.5,NA
Barbarea,herb,barochory zoochory,0.59,0.81658
Barringtonia,tree,hydrochory,23.083333333333332,5181.5
Batis,shrub,NA,0.7,NA
Baxteria,herb,NA,0.5,NA
Bedfordia,tree,anemochory,6.9,0.7065666666666667
Belvisia,fern,NA,NA,NA
Benstonea,tree,endozoochory,11.75,17
Benthamina,shrub,NA,NA,NA
Bentleya,shrub,NA,0.125,1.4810466666666666
Berberidopsis,climber_woody,NA,NA,0.932
Bergia,herb,epizoochory,0.26571428571428574,0.0348799
Bertya,tree,zoochory,2.139,16.55394282
Billardiera,shrub,zoochory,1.4958333333333333,2.1010377906976743
Biophytum,herb,NA,0.2,NA
Blackallia,shrub,NA,1,NA
Blainvillea,shrub,NA,1.5,3.778092
Blancoa,herb,NA,0.4,3.4436
Blechnum,herb,barochory,0.8237857142857142,0.001
Blennodia,herb,NA,0.389,0.25476
Blumea,shrub,anemochory,0.7875,0.04297818181818182
Blyxa,herb,NA,NA,NA
Boerhavia,herb subshrub,zoochory,0.7444444444444445,2.3452352941176473
Bolbitis,fern,NA,NA,NA
Boronia,subshrub,zoochory,1.2317188940092165,3.47738315
Bosistoa,tree,NA,16.294117647058822,NA
Botrychium,herb,anemochory,0.2334,0.019814850000000002
Bouchardatia,tree,NA,9.83325,NA
Cynodon,tussock,zoochory,0.36,0.2484222222222222
Brachypeza,herb,NA,NA,NA
Brachyscome,subshrub,zoochory,0.2282923424716981,0.29228339338235293
Brachystelma,herb,NA,0.6,NA
Brackenridgea,tree,NA,8.833333333333334,NA
Brasenia,herb,epizoochory,NA,6.7775
Breynia,tree,zoochory,5.1375,8.8795
Bridelia,tree,zoochory,14.461538461538462,32.39986666666667
Brombya,tree,NA,14.6,NA
Bromheadia,herb,NA,NA,NA
Bromus,herb,epizoochory myrmecochory,0.504709611826087,2.2874316
Eria,herb,NA,NA,NA
Bryobium,herb,NA,NA,NA
Buckinghamia,tree,NA,30,24.156
Burchardia,herb,undefined,0.5374238095238095,1.2686589743589745
Burnettia,herb,anemochory,NA,NA
Bursaria,tree,undefined,6.93656,1.9774777777777777
Butomopsis,herb,NA,NA,0.04066
Cadaba,shrub,NA,2.5,NA
Cadetia,herb,NA,NA,NA
Caladenia,herb mallee shrub,barochory,0.33804979253112033,0.0019445875
Cyanicula,herb,anemochory,0.18018234289473684,0.0038
Calamus,palmoid,zoochory,27.5334,182.942
Calanthe,herb,NA,1,NA
Caldesia,herb,NA,1,5.5368
Caleana,herb,barochory,0.18227272727272728,0.001
Calectasia,subshrub,barochory,0.5307692307692308,7.5267857
Calochilus,herb,barochory,0.45571428571428574,0.0017333333333333335
Calochlaena,herb,anemochory,1.75,0.001
Calophyllum,tree,hydrochory,25.22222222222222,3886.746
Calorophus,herb,zoochory,2.5,NA
Calostemma,herb,barochory,NA,NA
Calymmodon,fern,NA,NA,NA
Calystegia,herb,zoochory,2.5325,35.294313455
Canscora,herb,NA,0.3,0.0576
Capillipedium,tussock,epizoochory,1.0833333333333333,0.3812
Cardamine,herb,zoochory,0.32835000000000003,0.38017816666666665
Carex,tussock,zoochory,0.6502772151898735,1.1520062636792452
Carinavalva,herb,NA,NA,0.1604
Carissa,shrub,endozoochory,2.837,68.86838013333333
Carmichaelia,shrub,NA,NA,15.6714286
Carpentaria,tree,zoochory,30,NA
Carpobrotus,shrub,endozoochory,0.372,0.19166666666666668
Carronia,climber_woody,endozoochory,34,141
Caryota,tree,NA,20,NA
Casearia,tree,endozoochory,13.538461538461538,6.666666666666667
Cassinia,tree,anemochory,2.4277285714285712,0.11660010681818182
Catacolea,herb,NA,0.3,NA
Cecarria,shrub,NA,NA,NA
Schenkia,herb,zoochory,0.36,0.047
Centipeda,herb,undefined,0.18920689655172415,0.09709565
Centratherum,herb,NA,0.75,NA
Centrolepis,tussock,undefined,0.08265016630136987,0.043728461538461535
Centropappus,tree,anemochory,5,0.5276
Cerbera,tree,NA,24,13000
Ceropegia,herb,NA,NA,NA
Chaetanthus,herb,NA,0.6166666666666667,0.562
Schoenus,tussock,zoochory,0.35796603929931975,0.715695534883721
Chamaexeros,herb,NA,0.44166666666666665,NA
Pachycladon,herb,NA,NA,1.4896
Cheilanthes,herb,barochory,0.23780102627777777,0.16262000000000001
Cheiranthera,subshrub,zoochory,0.9518888888888889,2.9421
Cheirostylis,herb,NA,0.025,NA
Chenopodium,subshrub,zoochory,0.9361707317073171,0.4299272727272727
Dysphania,herb,epizoochory,0.21988461538461537,0.09825806451612903
Chiloglottis,herb,anemochory,0.076,0.001
Chiloschista,herb,NA,NA,NA
Chingia,fern,NA,NA,NA
Chionachne,tussock,anemochory,1.825,NA
Chionanthus,tree,endozoochory,15.555555555555555,369.923
Chionochloa,tussock,epizoochory,0.8833333333333333,1.9086444444444444
Chisocheton,tree,zoochory,40,3600
Chloris,tussock,epizoochory,0.5367500000000001,0.23641428571428572
Chlorophytum,herb,barochory,0.4666666666666667,4.26
Chordifex,herb,myrmecochory,0.603448275862069,0.7275025
Chorilaena,tree,NA,4,2.186
Christella,herb,anemochory,1,0.001
Citrus,tree,endozoochory,6.6923076923076925,18.08
Cladopus,herb,NA,NA,NA
Claoxylon,tree,myrmecochory zoochory,11,10.42725
Clausena,tree,NA,8,72
Arivela,subshrub,barochory,0.77165,1.1360931
Areocleome,herb,NA,0.15,0.21672
Coatesia,tree,NA,6.75,NA
Coccinia,herb,NA,NA,11.793028571428572
Cochlospermum,tree,anemochory,8.555555555555555,38.17653333333333
Cocos,palmoid,hydrochory,30,402000
Codonocarpus,tree,zoochory,7.215461538461539,3.1549963636363634
Coleocarya,herb,NA,0.375,NA
Coleocoma,subshrub,NA,0.3,0.6316
Colocasia,herb,NA,1.08325,NA
Colubrina,tree,NA,2,30.7448
Colysis,fern,NA,NA,NA
Commicarpus,subshrub,NA,0.5,10.136
Cooktownia,herb,NA,NA,NA
Coprosma,tree,zoochory,2.44804,15.8430685375
Cordia,tree,endozoochory,11.333333333333334,341.9209
Corokia,shrub,NA,3.08325,NA
Correa,tree,zoochory,2.890263157894737,8.801688971428572
Corsia,herb,NA,0.18,NA
Corunastylis,herb,anemochory,0.18946428571428572,0.001
Corybas,herb,barochory,0.028157894736842104,0.001
Corymbia,tree,zoochory,17.060212903225807,9.209177763204748
Corymborkis,herb,anemochory,1.6,0.001
Corypha,tree,zoochory,22.5,NA
Cotula,herb,zoochory,0.16569565217391305,0.15415333333333334
Crateva,tree,NA,21.333333333333332,NA
Cratystylis,shrub,anemochory,1.2333333333333334,2.1252
Crenidium,shrub,NA,2,NA
Croton,tree,myrmecochory,7.5216666666666665,12.1554017
Crowea,subshrub,zoochory,1.3033,6.104490654205607
Sporobolus,tussock,epizoochory,0.6229615384615385,0.1163037037037037
Phyllanthera,climber_woody,NA,NA,NA
Cryptostylis,herb,barochory,0.54375,0.0010115
Ctenopterella,fern,NA,NA,NA
Ctenopteris,fern,anemochory,0.25,NA
Cucumis,herb,barochory endozoochory,2,17.345525714285714
Cuphonotus,herb,zoochory,0.20825,0.4418
Cyanthillium,shrub,barochory,1.1,0.86
Cyathea,tree,barochory,9.96668,0.001
Cyclosorus,fern herb,anemochory,NA,NA
Cycnogeton,herb,undefined,0.8375,6.29834
Cymbidium,herb,anemochory,0.23500000000000001,NA
Cymbonotus,herb,zoochory,0.1686,2.28
Cymodocea,herb,NA,NA,NA
Cynanchum,subshrub,epizoochory,2.6625,7.177341166666666
Cynoglossum,herb,zoochory,0.4926642857142857,3.3614
Cyphanthera,subshrub,zoochory,2.07775,1.74489
Cypselocarpus,herb shrub,NA,0.3,NA
Cyrtostylis,herb,anemochory,0.20153846153846153,0.003
Cystopteris,fern,anemochory,0.35,NA
Cytogonidium,herb,NA,0.5,5.9701195
Dactyliophora,shrub,NA,NA,NA
Dactyloctenium,tussock,epizoochory,0.3583571428571429,0.3078666666666667
Damasonium,herb,hydrochory,0.5,0.26439999999999997
Danhatchia,herb,NA,NA,NA
Dapsilanthus,herb,NA,NA,0.13876
Davallia,fern,anemochory,NA,NA
Humata,fern,NA,NA,NA
Dockrillia,herb,anemochory,NA,0.0016
Dendrobium,herb,barochory,0.3357142857142857,0.0053934
Debregeasia,shrub tree,NA,NA,NA
Decaisnina,shrub,NA,NA,NA
Decaneuropsis,shrub,NA,NA,NA
Decaspermum,tree,endozoochory,15.666666666666666,17
Deeringia,climber_woody shrub,endozoochory,2.6665,0.184
Delarbrea,tree,zoochory,9,130.36666666666667
Demorchis,herb,NA,NA,NA
Dendromyza,shrub,NA,NA,NA
Dendrotrophe,shrub,NA,NA,NA
Dennstaedtia,fern herb,anemochory,NA,NA
Derris,shrub,hydrochory,44,31.441314374999997
Deschampsia,tussock,epizoochory,0.6832857142857143,0.3441984615384615
Desmocladus,herb tussock,NA,0.41,5.629066666666667
Deyeuxia,tussock,undefined,0.6429223140495868,0.40975384615384614
Dichapetalum,tree,NA,6.5,57.82
Dichelachne,tussock,zoochory,0.7531605263157894,0.3325981651376147
Dicksonia,tree,anemochory,9.071428571428571,0.001
Dicliptera,shrub,NA,0.78,1.7024
Dicranopteris,fern herb,anemochory,NA,NA
Dictymia,fern,NA,NA,NA
Didymanthus,shrub,NA,NA,NA
Didymoplexis,herb,NA,0.12,4
Dielsia,herb,NA,0.9,NA
Dienia,herb,NA,NA,NA
Dietes,herb,NA,NA,NA
Dimeria,tussock,anemochory,0.425,0.0864
Dinebra,tussock,epizoochory,1.0285833333333334,0.1508
Dinosperma,tree,NA,18.39390909090909,NA
Diodontium,shrub,NA,0.4,NA
Diplatia,shrub,endozoochory,NA,NA
Diplazium,herb,anemochory,1.325,0.001
Diplocaulobium,herb,NA,NA,NA
Diplocyclos,herb,endozoochory,5,13.2760279
Diplolaena,shrub,NA,1.3789473684210527,9.524824244444444
Diplopterygium,fern,NA,NA,NA
Dipodium,herb,barochory,0.835,0.0015566666666666667
Dipteris,fern,NA,NA,NA
Discaria,shrub,barochory,2.65,4.546866675
Dischidia,climber_herbaceous,NA,NA,NA
Disphyma,subshrub,hydrochory,0.21,11.072733333333334
Dissocarpus,subshrub,epizoochory,0.3859230769230769,2.309
Distichlis,herb,epizoochory,0.21775,1.0992
Diuris,tussock,barochory,0.40440677966101696,0.005143057142857143
Doryopteris,fern herb,NA,NA,NA
Calciphilopteris,fern,NA,NA,NA
Drabastrum,shrub,zoochory,0.2,0.2456
Drakaea,herb,NA,0.325,NA
Drosera,herb,zoochory,0.27391538542236027,0.05400975903614458
Drummondita,subshrub,NA,1.325,4.92666665
Drymoanthus,herb,NA,NA,NA
Drynaria,fern herb,NA,NA,NA
Dryopoa,tussock,epizoochory,2.125,1.7484
Dryopteris,fern,NA,NA,NA
Duboisia,tree,endozoochory,7.538461538461538,1.4666000000000001
Dysoxylum,tree,zoochory,30.3,1009.9621428571429
Ecdeiocolea,tussock,NA,1,12.4016
Echinopogon,tussock,zoochory,0.6082903225806452,0.65082
Eclipta,herb,zoochory,0.5017777777777778,0.7807444444444445
Ectrosia,tussock,anemochory,0.37575757575757573,0.03028
Ehretia,tree,zoochory,11.4,26.646
Einadia,subshrub,zoochory,0.57,0.5627571428571428
Elaeocarpus,tree,zoochory,26.271428571428572,1145.497904347826
Elaphoglossum,fern,NA,NA,NA
Elatine,herb,hydrochory,0.31,0.0681111
Elephantopus,herb,NA,0.9,1.3715199999999999
Elythranthera,herb,NA,0.3125,0.005
Elytrophorus,tussock,epizoochory,0.34950000000000003,0.1237
Embelia,shrub,endozoochory,32,49.5265244
Emmenosperma,tree,NA,21.625,27.904799999999998
Empodisma,herb,zoochory,1.4338,0.9984142857142857
Enchylaena,subshrub,zoochory,0.809186101,9.5666
Enhalus,herb,NA,NA,NA
Enneapogon,tussock,epizoochory,0.40445454545454546,0.672484375
Enteropogon,tussock,anemochory,0.593,1.0416
Enydra,herb,NA,NA,NA
Epiblema,herb,NA,0.8,NA
Epipogium,herb,NA,NA,NA
Epipremnum,shrub,endozoochory,37,18
Eragrostiella,tussock,anemochory,0.415,0.0468
Eragrostis,tussock,undefined,0.5624574898785425,0.08088325
Eremophea,shrub,NA,0.3,21.8
Eriachne,tussock,epizoochory,0.4867037037037037,1.1104117647058824
Ericksonella,herb,NA,0.15,NA
Eriocaulon,herb tussock,epizoochory,0.21363636363636362,0.03598664814814815
Eriochilus,herb,anemochory,0.20965,0.003
Eriochiton,subshrub,epizoochory,0.2,8.348
Eriostemon,tree,zoochory,2.6857142857142855,15.240872727272727
Erythrina,tree,zoochory,15.0625,366.59785714444445
Erythrorchis,herb,NA,NA,NA
Ethuliopsis,herb subshrub,NA,NA,NA
Etlingera,herb,NA,3.5,NA
Eucalyptus,tree,undefined,16.882538461538463,4.135045605672445
Eucosia,herb,NA,NA,NA
Eulalia,tussock,zoochory,0.9371538461538461,0.2724
Eulophia,herb,NA,0.25,NA
Euodia,tree,ballistic myrmecochory,13.666666666666666,7.002800000000001
Euphorbia,tree,zoochory,0.5793163265306123,2.9930247625
Eurychorda,tussock,zoochory,0.7,0.4092
Exacum,herb,NA,NA,NA
Fagraea,tree,NA,13.777777777777779,1.2
Faradaya,climber_woody tree,endozoochory,41,6283
Festuca,tussock,epizoochory,0.7109130434782609,1.7470666666666665
Finlaysonia,climber_woody,NA,NA,NA
Flacourtia,tree,NA,8.75,NA
Flickingeria,herb,NA,NA,NA
Flindersia,tree,anemochory,31.034179487179486,74.944025
Frankenia,subshrub,epizoochory,0.30880555555555556,0.352984
Freycinetia,climber_woody,endozoochory,22.5,0.1476
Gaimardia,herb,NA,0.1,0.0632
Garcinia,tree,NA,14,NA
Gastrodia,herb,anemochory,0.49222222222222223,NA
Geijera,tree,zoochory,17.476142857142857,21.806207999999998
Geleznowia,subshrub,NA,1,10.40255
Geniostoma,tree,NA,10,0.37329999999999997
Genoplesium,herb,anemochory,0.1525,NA
Gentiana,herb,NA,0.05,NA
Gentianella,herb,zoochory,0.41600000000000004,0.28249761904761905
Geococcus,herb,zoochory,NA,0.1866
Geodorum,herb,NA,NA,NA
Georgeantha,herb,NA,0.8,NA
Germainia,tussock,anemochory,0.7583333333333333,NA
Gleichenia,fern,barochory,1.9,0.001
Glinus,herb shrub,epizoochory,0.2,0.0646608695652174
Glossocardia,herb,epizoochory,0.25,0.987
Glossocarya,climber_woody shrub,NA,5.5,1.638
Glossodia,herb,barochory,0.17363636363636364,0.062066666666666666
Glyceria,tussock,undefined,0.7716666666666667,1.5324
Glycosmis,tree,endozoochory,7,82
Goniophlebium,fern,NA,NA,NA
Gouania,tree,anemochory,NA,0.78
Oreogrammitis,fern,NA,NA,NA
Notogrammitis,fern,anemochory,0.1,NA
Grammitis,fern,anemochory,0.1,NA
Grammosolen,shrub,zoochory,1.25,1.104
Granitites,shrub,NA,2,NA
Grastidium,herb,NA,NA,NA
Grewia,tree,zoochory,5.379310344827586,41.66506666666667
Gunnessia,climber_woody,NA,NA,NA
Gunniopsis,shrub,zoochory,0.28210526315789475,0.30852799999999997
Gymnanthera,shrub,anemochory,4,NA
Gymnosporia,shrub tree,NA,5,NA
Gymnostachys,tussock,zoochory,1.15,179.3
Gynura,herb,NA,0.5,2.366
Gyrostemon,tree,zoochory,2.0789565217391304,1.2149801571428571
Habenaria,herb,NA,0.7,NA
Hackelochloa,tussock,anemochory,1,NA
Halfordia,tree,NA,25.5555,NA
Halodule,herb,NA,NA,NA
Halophila,herb,hydrochory,NA,NA
Tecticornia,subshrub,hydrochory,0.7396666666666667,11.6676432
Harmsiodoxa,herb,zoochory,0.31363636363636366,0.49938333333333335
Hedyscepe,tree,NA,NA,NA
Helminthostachys,herb,anemochory,0.6,0.001
Hemisteptia,herb,NA,0.4,NA
Hernandia,tree,NA,13.142857142857142,NA
Hetaeria,herb,NA,NA,NA
Heterachne,tussock,anemochory,0.327,0.17085233333333333
Heteropogon,tussock,zoochory,0.9833333333333334,3.534249411764706
Heterostemma,climber_woody,NA,NA,NA
Heterozostera,herb,hydrochory,0.2,NA
Hibbertia,tree,zoochory,0.8568611111111111,6.528932313930349
Hibiscus,tree,zoochory,2.7290697674418603,9.252849775714285
Hierochloe,tussock,epizoochory,0.5330625,0.6826
Histiopteris,herb,barochory,1.75,0.001
Homalium,tree,NA,20.88888888888889,NA
Hopkinsia,herb,NA,0.7,NA
Hovea,tree,zoochory,2.384554054054054,25.00387890233463
Howea,tree,NA,NA,NA
Hoya,subshrub,anemochory,8,2.7081
Hugonia,climber_woody shrub tree,NA,NA,NA
Huperzia,lycophyte,anemochory,0.3,NA
Hybanthus,shrub,zoochory,0.7462777777777778,5.1499875
Hydriastele,tree,NA,21.833333333333332,NA
Hydrilla,herb,epizoochory,NA,NA
Hydrocharis,herb,NA,NA,NA
Melicytus,tree,zoochory,2.8425555555555557,9.313566153846153
Hymenasplenium,fern,NA,NA,NA
Pterostylis,herb,barochory,0.20708955223880596,0.0023899
Hymenophyllum,fern,barochory,0.13214285714285715,0.001
Hymenosporum,tree,anemochory,18.777833333333334,5.763371428571428
Hypertelis,herb,barochory,0.116,0.018
Hypolaena,herb,zoochory,0.578125,7.120297725
Hypolepis,herb,anemochory,1.575,0.001
Hiya,fern,NA,NA,NA
Ichnocarpus,climber_woody,anemochory,29,27
Ileostylus,shrub,NA,NA,NA
Illigera,tree,NA,NA,NA
Indigastrum,herb,barochory,1.5,3.6692
Indigofera,subshrub,zoochory,0.7938196721311476,4.235615609740259
Inocarpus,tree,NA,NA,NA
Irenepharsus,herb,zoochory,0.66,0.13786666666666667
Ischaemum,tussock,hydrochory,0.7709677419354839,1.056255
Isoetes,tussock,undefined,0.15000000000000002,0.001
Kleinhovia,tree,NA,8,8.9
Koeleria,tussock,epizoochory,0.4,0.29592
Kopsia,tree,NA,20,NA
Laccospadix,tree,NA,12,NA
Lachnagrostis,tussock,epizoochory,0.4893852941176471,0.125
Lastreopsis,herb,anemochory,0.8,NA
Launaea,herb,NA,NA,NA
Lecanopteris,fern,NA,NA,NA
Leea,tree,endozoochory,3,34.884
Leersia,tussock,epizoochory hydrochory,0.9666666666666667,0.9135
Leionema,tree,zoochory,2.3784117647058824,3.4769683857142857
Lepidium,subshrub,epizoochory,0.3958305084745763,0.9571534615384616
Lepidobolus,herb,zoochory,0.44166666666666665,NA
Lepidorrhachis,tree,NA,NA,NA
Althenia,herb,hydrochory,0.26,0.166
Leporella,herb,anemochory,0.2,0.003
Leptaspis,tussock,anemochory,0.6,NA
Leptinella,herb,zoochory,0.11,0.2552
Leptocarpus,herb,zoochory,1.028,0.905275
Leptoceras,herb,anemochory,0.235,0.001
Leptochilus,fern,NA,NA,NA
Leptochloa,tussock,epizoochory,1.7334,0.0856
Diplachne,tussock,epizoochory,0.8738695652173913,0.3084
Leptopteris,fern,NA,0.6665,NA
Leptospermum,tree,undefined,4.252147435897436,0.20018644168831168
Lepturus,tussock,anemochory,0.40909090909090906,NA
Lepyrodia,herb,zoochory,0.5811111111111111,0.26618261428571427
Licuala,tree,endozoochory,20,70
Lindsaea,herb,barochory,0.2,0.001
Linospadix,tree,zoochory,3.422222222222222,182.72894117647058
Linum,herb,zoochory,0.48928571428571427,1.0719636363636362
Livistona,tree,zoochory,14.521739130434783,638.5196266666667
Logania,subshrub,zoochory,0.9166666666666666,0.33879694375
Orianthera,subshrub,zoochory,0.4411818181818182,0.25982666666666665
Lomariopsis,fern,NA,NA,NA
Lordhowea,shrub,NA,NA,NA
Loxocarya,herb,NA,1.15,7.1132
Luffa,herb,NA,NA,56.878652
Luisia,herb,NA,NA,NA
Lunasia,tree,NA,10,NA
Luvunga,tree,NA,3,NA
Luzula,tussock,zoochory,0.3746086956521739,0.39931086
Lycium,shrub,endozoochory,2.5184444444444445,1.3824
Lyginia,herb,NA,0.975,3.3653179
Lyperanthus,herb,anemochory,0.39,0.001
Lysimachia,herb,zoochory,0.29952012466666667,0.2865311
Macarthuria,subshrub,myrmecochory,0.6117,0.2
Machaerina,tussock,zoochory,0.8774468085106383,2.0135
Maclura,shrub tree,zoochory,22,8.6982
Macrothelypteris,fern herb,NA,NA,NA
Maesa,tree,NA,7,0.4296
Maireana,subshrub,zoochory,0.5367761194029851,16.462352234666668
Malaccotristicha,herb,NA,0.03,NA
Malacocera,subshrub,epizoochory,0.43333333333333335,5.701466666666667
Mammea,tree,NA,40,14000
Marianthus,shrub,zoochory,2.075,2.02937746
Gymnema,subshrub,anemochory,2.25,9.07
Leichhardtia,subshrub,endozoochory,3.333285714285714,14.797622222222223
Marsilea,herb,hydrochory,0.2425,0.0032500000000000003
Maundia,herb,NA,NA,NA
Medicosma,tree,NA,8.070157894736843,NA
Melaleuca,tree,anemochory,5.310261096605744,0.2242557145480226
Melanostachya,herb,NA,1.05,NA
Melia,tree,zoochory,28.333333333333332,323.32064285714284
Melicope,tree,endozoochory,21.224736842105262,15.865543666964282
Melodinus,climber_woody,endozoochory,39.5,63.701499999999996
Menkea,herb,zoochory,0.22902756616666667,0.018619999999999998
Meryta,tree,NA,NA,26.71895
Mesomelaena,herb,NA,0.73125,NA
Mesua,tree,NA,14.5,NA
Metrosideros,tree,NA,NA,NA
Micraira,tussock,anemochory,0.05333333333333334,NA
Microchloa,herb,NA,0.07500000000000001,0.1038
Microcybe,subshrub,zoochory,0.8285714285714285,1.9289999999999998
Microlaena,tussock,undefined,0.5404,4.6016615384615385
Microlepia,fern herb,NA,NA,NA
Microlepidium,herb,epizoochory,0.16666666666666669,0.0752
Micromelum,tree,NA,7.285714285714286,22
Micropera,herb,NA,NA,NA
Microseris,herb,epizoochory,0.45122222222222225,2.5003176470588233
Microsorum,fern herb,anemochory,NA,NA
Zealandia,fern,anemochory,0.4,0.001
Dendroconche,fern,anemochory,NA,NA
Taeniophyllum,herb,NA,NA,NA
Microtis,herb,barochory,0.3595,0.0017333333333333333
Millettia,tree,barochory,15,7869.9161167
Mischarytera,tree,NA,16,NA
Mitrasacme,herb,zoochory,0.2786666666666667,0.035453846153846155
Adelphacme,herb,NA,0.3,NA
Mitreola,herb,hydrochory,NA,0.0078
Mnesithea,tussock,myrmecochory,1.25,7.3831066666666665
Mobilabium,herb,NA,NA,NA
Momordica,herb,NA,NA,82.03653446
Monachather,tussock,epizoochory,0.30469530133333333,2.2242817500000003
Monococcus,shrub,NA,2.5,NA
Monogramma,fern,NA,NA,NA
Muehlenbeckia,subshrub,endozoochory,1.9694444444444446,5.91045505
Muellerargia,herb,NA,NA,NA
Muiriantha,subshrub,NA,0.3,NA
Mullerochloa,graminoid herb,NA,NA,NA
Murraya,tree,NA,4.481444444444445,75.38086204999999
Myoporum,tree,zoochory,4.303065789473684,10.622764285714286
Myrsine,tree,zoochory,10.39795918367347,27.58786178
Najas,herb,zoochory,2,2.6441489
Negria,tree,NA,NA,NA
Neisosperma,tree,zoochory,11.714285714285714,595
Nematolepis,tree,zoochory,7.428571428571429,2.0885142857142855
Neoalsomitra,herb,NA,NA,NA
Neobassia,subshrub,epizoochory,0.4,3.2809999999999997
Neobyrnesia,shrub,NA,NA,NA
Neololeba,graminoid herb,NA,6,NA
Nepenthes,subshrub,NA,NA,NA
Nephrolepis,fern herb,anemochory,NA,NA
Nervilia,herb,NA,0.35,NA
Nestegis,tree,endozoochory,13.33325,NA
Nicotiana,shrub tree,zoochory,1.0251261089215686,0.12677924705882354
Nitraria,shrub,endozoochory,1.6,42.696000000000005
Normanbya,tree,zoochory,30,NA
Nothoalsomitra,herb,NA,NA,NA
Notochloe,herb,NA,0.55825,NA
Nymphaea,herb,epizoochory,NA,2.9857345
Oberonia,herb,NA,NA,NA
Ochrosia,tree,zoochory,7,NA
Octarrhena,herb,NA,NA,NA
Oeceoclades,herb,NA,NA,NA
Oleandra,fern,NA,NA,NA
Olearia,tree,anemochory,1.599241042345277,0.7193003792857143
Ophioglossum,herb,anemochory,0.09541945714285714,0.001
Oraniopsis,tree,NA,27.5,1800
Orthoceras,herb,anemochory,0.33999999999999997,0.0016950000000000001
Oryza,tussock,anemochory,1.5571428571428572,10.96521536451613
Osteocarpum,shrub,zoochory,0.15841666666666668,1.7239933333333333
Ottelia,herb,hydrochory,0.85,0.1854
Owenia,tree,zoochory,15,3722.158126
Oxalis,shrub,undefined,0.2681089204166667,0.8610071428571429
Oxychloris,tussock,epizoochory,0.3524285714285714,0.6672
Pachymitus,herb,zoochory,0.23333333333333334,NA
Pachystoma,herb,NA,NA,NA
Pandanus,tree,zoochory,11.035105263157895,24598.58
Papistylus,shrub,NA,0.65,NA
Paraceterach,fern herb,NA,NA,NA
Prasophyllum,herb,barochory,0.4819479305511811,0.0038239235294117648
Parsonsia,climber_woody tree,endozoochory,7.253952380952381,9.427965
Passiflora,herb,zoochory,5,15.258
Pecteilis,herb,NA,0.4,NA
Pellaea,tussock,anemochory,0.6667500000000001,0.001
Pentaceras,tree,NA,22.83325,NA
Pentalepis,shrub,NA,1,2.2603999999999997
Pentapogon,tussock,epizoochory,0.42774999999999996,0.80856
Peristeranthus,herb,NA,NA,NA
Peristylus,herb,NA,NA,NA
Perotis,tussock,epizoochory,0.2904285714285714,0.2536
Phaius,herb,NA,1.3335,NA
Phalaenopsis,herb,NA,NA,NA
Phebalium,tree,zoochory,1.8132244897959184,1.8648749117647059
Pheidochloa,tussock,anemochory,0.28,NA
Pheladenia,herb,anemochory,0.12642857142857142,0.001
Philotheca,tree,zoochory,1.415,6.2875724
Phlebocarya,herb,NA,0.4714285714285714,NA
Phlegmariurus,lycophyte,anemochory,0.1,NA
Phlegmatospermum,herb,epizoochory,0.23125,0.9653333333333334
Phoringopsis,herb,NA,NA,NA
Phragmites,tussock,epizoochory hydrochory,4.071428571428571,0.104048
Plexaure,herb,NA,NA,NA
Rhipidorchis,herb,NA,NA,NA
Phyla,herb,NA,NA,0.36475
Phyllangium,herb,zoochory,0.12458945773913044,0.0327806
Physalis,shrub,NA,0.5204444444444445,1.1216
Picris,herb,anemochory,0.81875,0.9402571428571428
Pilea,herb,NA,0.2,NA
Pilularia,herb,barochory,0.07,0.001
Pisonia,tree,zoochory,26.2,99.34643333333334
Pitaviaster,tree,NA,13,NA
Pittosporum,tree,zoochory,10.017692307692307,12.471635072463767
Planchonella,tree,zoochory,19.6476,658.0146666666667
Planchonia,tree,zoochory,9.666666666666666,104.8
Plantago,herb,undefined,0.16436420935135135,0.6074740153846154
Platycerium,tree,anemochory,1,0.001
Platychorda,herb,NA,0.6666666666666667,NA
Plectorrhiza,herb,anemochory,0.1,NA
Plesioneuron,fern,NA,NA,NA
Pleurocarpaea,shrub,barochory,0.5,6.68
Plinthanthesis,tussock,epizoochory,0.4625,0.3264
Pluchea,subshrub,anemochory hydrochory,0.7,0.1751453076923077
Pneumatopteris,fern,anemochory,NA,NA
Polianthion,shrub,NA,1.0833333333333333,NA
Polycarpaea,herb subshrub,zoochory,0.3215,0.04743529411764706
Polygala,subshrub,zoochory,0.9151052631578948,3.77277466
Polystichum,herb,anemochory,1.15,0.001
Pomatocalpa,herb,NA,NA,NA
Pontederia,herb,endozoochory,0.4643,0.1148
Posidonia,herb,hydrochory,NA,NA
Potamogeton,herb,undefined,3.08,3.18059
Potamophila,herb,NA,0.95,0.316
Pothos,herb,endozoochory,22,124.5
Praecoxanthus,herb,NA,0.4,NA
Premna,tree,zoochory,10.129411764705882,17.70232
Pronephrium,herb,anemochory,2,0.001
Prosaptia,fern,NA,NA,NA
Psammagrostis,herb,NA,0.19499999999999998,NA
Pseudopogonatherum,tussock,epizoochory,0.8250000000000001,0.575
Pseudovanilla,herb,NA,NA,NA
Pteridium,shrub,barochory,1.73,0.003
Pteridrys,fern,NA,NA,NA
Pteris,herb,anemochory,1.75,0.001
Pterocaulon,shrub,anemochory,0.7857142857142857,0.03936
Ptisana,fern palmoid,NA,NA,NA
Ptychosperma,tree,zoochory,10.8,237.2375
Puccinellia,tussock,epizoochory,0.3417647058823529,0.3349
Pyrorchis,herb,anemochory,0.2590909090909091,0.003
Pyrrosia,herb,anemochory,0.6,0.001
Quisqualis,shrub,NA,NA,NA
Remusatia,herb,NA,0.5,NA
Rhadinothamnus,shrub,NA,2.125,NA
Rhagodia,subshrub,zoochory,1.9127142857142858,1.4404254545454545
Rhamnella,climber_woody shrub,endozoochory,NA,23
Rhamnus,shrub tree,NA,4,11.832
Rhaphidophora,climber_woody tree,endozoochory,29,0.18
Rhaponticum,herb,anemochory,0.9,17.778
Rhinerrhiza,herb,NA,NA,NA
Rhizanthella,herb,NA,NA,NA
Rhododendron,shrub tree,NA,4.5,NA
Zeuxine,herb,NA,0.35,NA
Rhopalostylis,palmoid,NA,NA,NA
Vincetoxicum,shrub,anemochory,2.2884969967,10.341389183333334
Rhytidosporum,subshrub,zoochory,0.2032857142857143,0.9043076923076923
Rimacola,herb,NA,0.15,NA
Robiquetia,herb,NA,NA,NA
Rorippa,herb,epizoochory,0.5175263157894737,0.2995333333333333
Rottboellia,tussock,anemochory,2,16.6488
Roycea,shrub,NA,NA,2.2
Rumohra,fern,anemochory,1,NA
Ruppia,herb,hydrochory,0.21666666666666667,2.566933333333333
Ryparosa,tree,NA,30,NA
Saccolabiopsis,herb,NA,NA,NA
Sageretia,shrub,endozoochory,39,19
Sagina,herb,zoochory,0.115,0.23149070000000002
Goodyera,herb,NA,NA,NA
Salsola,subshrub,anemochory,0.6475714285714286,0.88
Sarcanthopsis,herb,NA,NA,NA
Sarcochilus,herb,anemochory,0.11,0.001
Salicornia,shrub,endozoochory,0.4318181818181818,0.24102666666666667
Sarcolobus,climber_woody,NA,NA,NA
Sarcomelicope,tree,NA,15,17.125
Oxystelma,herb,NA,NA,NA
Sarcozona,subshrub,barochory,0.275,0.11780000000000002
Saurauia,tree,NA,6,0.057
Scambopus,herb,NA,0.5,0.332
Schistocarpaea,tree,NA,7,NA
Schizacme,subshrub,zoochory,0.1,0.0496
Schizaea,herb,anemochory,0.29285714285714287,0.001
Schoenorchis,herb,NA,NA,NA
Sciaphila,herb,NA,0.24000000000000002,NA
Scindapsus,climber_woody,NA,NA,NA
Scleroblitum,herb,zoochory,0.1,NA
Scleroglossum,fern,NA,NA,NA
Sclerolaena,subshrub,zoochory,0.37159848484848484,7.2828459740259746
Scolopia,tree,endozoochory,30,3.3
Scrotochloa,tussock,anemochory,0.3875,NA
Sebaea,herb,zoochory,0.25,0.022269999999999998
Secamone,climber_woody,anemochory,NA,NA
Sehima,tussock,epizoochory,0.65825,5.08
Selaginella,lycophyte,endozoochory,0.3575,0.001
Senecio,subshrub,barochory,0.7801273023106796,0.8752250456790124
Senegalia,tree,NA,NA,NA
Serichonus,shrub,NA,0.7,NA
Sesuvium,herb,NA,0.23333333333333334,0.4872
Sicyos,herb,epizoochory,NA,14.936626100000002
Siegfriedia,shrub,NA,1,1.4575
Sigesbeckia,herb subshrub,zoochory,0.6371111111111112,1.2522714285714285
Solanum,tree,zoochory,1.5855916030534352,3.8195545435374147
Sonchus,herb,anemochory,0.7803667642941177,0.2984425
Sophora,tree,hydrochory,2.8167,117.01028379
Spathoglottis,herb,NA,NA,NA
Spergularia,herb,zoochory,0.176,0.05627047619047619
Sphaeranthus,shrub,NA,0.475,0.1758
Sphaeromorphaea,shrub,epizoochory,NA,NA
Sphaerostephanos,fern,NA,NA,NA
Sphenoclea,herb,NA,NA,0.00964938
Sphenostemon,tree,NA,25,NA
Spiranthes,herb,anemochory,0.3,NA
Spondias,tree,NA,NA,NA
Sporadanthus,herb,zoochory,1.07,0.13
Stellaria,herb,zoochory,0.21895,0.8477833333333333
Stenanthemum,subshrub,zoochory,0.4660714285714286,0.697
Stenochlaena,herb,anemochory,1.6,0.001
Stenopetalum,shrub,epizoochory,0.39116999179310347,0.6612123846153846
Sticherus,fern,anemochory,2,NA
Streptoglossa,shrub,anemochory,0.4236842105263158,1.1884444444444444
Streptothamnus,climber_woody,NA,NA,NA
Strychnos,tree,endozoochory,8.4,27
Stuckenia,herb,hydrochory,3,4.6508
Suaeda,subshrub,hydrochory,0.6484545454545455,0.60214
Symonanthus,subshrub,NA,0.775,NA
Triodia,tussock,anemochory,0.9923576642335766,1.231304
Synoum,tree,zoochory,10.904714285714286,195.1913
Syringodium,herb,NA,NA,NA
Tabernaemontana,tree,endozoochory,3.272727272727273,33.00893333333333
Taenitis,fern herb,NA,NA,NA
Tainia,herb,NA,NA,NA
Tapeinosperma,tree,NA,5.285714285714286,43
Taraxacum,herb,anemochory,0.23500000000000001,0.4668
Taraxis,herb,NA,2.25,NA
Tectaria,herb,NA,0.6,NA
Teratophyllum,fern,NA,NA,NA
Tersonia,herb subshrub,NA,0.6,449.56
Tetragonia,subshrub,zoochory,0.6407692307692308,38.388262
Tetrameles,tree,anemochory,45,NA
Tetrardisia,shrub,NA,2,NA
Tetrarrhena,tussock,epizoochory,0.8879565217391304,3.78295
Thalassia,herb,NA,NA,NA
Thalassodendron,herb,NA,0.6,NA
Thelasis,herb,NA,NA,NA
Thelymitra,herb,barochory,0.35948214285714286,0.001831237931034483
Thelypteris,fern,anemochory,NA,NA
Thespidium,subshrub,NA,0.2,NA
Threlkeldia,shrub,hydrochory,0.27216666666666667,3.0756
Thrixspermum,herb,NA,NA,NA
Thynninorchis,herb,anemochory,NA,NA
Tmesipteris,lycophyte,anemochory,0.525,NA
Todea,tree,anemochory,2.05,0.001
Toona,tree,anemochory,40,164.90666666666667
Trachoma,herb,NA,NA,NA
Tragus,tussock,zoochory,0.2804285714285714,0.4454
Tremulina,herb,NA,0.9,NA
Trianthema,shrub,zoochory,NA,0.591695
Tribulopis,herb,NA,0.35,NA
Tribulus,shrub,zoochory,0.3512727272727273,107.22698181818181
Trichocline,herb,NA,1,3.88025
Trichoglottis,herb,NA,NA,NA
Crepidomanes,fern,anemochory,NA,NA
Cephalomanes,fern,anemochory,NA,NA
Abrodictyum,fern,anemochory,NA,NA
Didymoglossum,fern,NA,NA,NA
Polyphlebium,fern,anemochory,NA,NA
Vandenboschia,fern,NA,NA,NA
Trichosanthes,herb,endozoochory,NA,71.11745904
Tricostularia,tussock,zoochory,0.5,1.32148
Trigastrotheca,herb,NA,0.2,NA
Triglochin,tussock,undefined,0.136498083525,0.4154329411764706
Trioncinia,herb,NA,NA,NA
Tripogonella,tussock,zoochory,0.23633333333333334,0.24655
Triraphis,tussock,epizoochory,0.520875,0.15008
Trisetum,herb,epizoochory,0.5142,0.3942114375
Tropidia,herb,NA,NA,NA
Trymalium,tree,zoochory,2.6357142857142857,1.13018
Turraea,tree,NA,6.333333333333333,NA
Typhonium,herb,zoochory,NA,NA
Tyrbastes,herb,NA,1.2,NA
Ungeria,tree,NA,NA,NA
Vachellia,tree,zoochory,9.155555555555555,82.63005882352941
Vallisneria,herb,epizoochory,NA,NA
Vanda,herb,NA,NA,NA
Vavaea,tree,NA,9.5,NA
Ventilago,tree,anemochory,9.0666,16.631149999999998
Verbena,herb,epizoochory,0.80665,0.29075
Viola,herb,zoochory,0.19187307692307692,0.9333714285714285
Viscum,shrub,zoochory,0.85,NA
Voacanga,tree,NA,8,NA
Vrydagzynea,herb,NA,NA,NA
Wahlenbergia,herb,zoochory,0.43452805869333333,0.04239574193548387
Westringia,shrub,zoochory,1.0762881355932203,1.8989705
Winifredia,herb,NA,0.75,NA
Wodyetia,tree,NA,15,NA
Wollastonia,subshrub,NA,1.111,2.14
Wrightia,tree,anemochory,13.6,32.558933333333336
Xanthophyllum,tree,endozoochory,24.4,220
Xerolirion,herb,NA,0.5,NA
Xylocarpus,tree,hydrochory,20.6,83333
Xylosma,tree,NA,9.428571428571429,NA
Youngia,herb,NA,0.4,0.0764
Zaleya,herb,zoochory,0.3,3.0137199999999997
Zannichellia,herb,NA,NA,1.0348
Zanthoxylum,tree,NA,15.214285714285714,28.839800000000004
Zehneria,climber_herbaceous herb,NA,NA,NA
Zieria,tree,zoochory,2.258801886792453,1.6105649388349514
Ziziphus,tree,NA,11.857142857142858,NA
Zostera,herb,hydrochory,NA,NA
Zoysia,tussock,epizoochory,0.195,0.4503333333333333
Roepera,subshrub,barochory,0.4753759503043478,3.7881337222222222
Acaena,herb,zoochory,0.3431896551724138,3.8559130434782607
Ajuga,herb,zoochory,0.34450000000000003,2.5112727272727273
Asperula,herb,zoochory,0.17782777777777778,1.9690618181818182
Stenanthera,subshrub,endozoochory,0.8253333333333334,41.3882
Astroloma,subshrub,zoochory,0.5490571428571428,57.01164674615384
Chorizandra,tussock,hydrochory,0.8142727272727273,4.037076
Chrysocephalum,shrub,epizoochory,0.461956,0.169766
Convolvulus,shrub,zoochory,0.2860583333333333,7.073767142857143
Craspedia,herb,anemochory,0.4137674418604651,0.6781500206349206
Daucus,herb,zoochory,0.4678924492727273,1.4492917
Dichondra,herb,zoochory,0.0576875,1.7475142857142858
Eryngium,tussock,undefined,0.55934,1.8332619047619048
Euchiton,herb,barochory,0.25695454545454544,0.022429444444444446
Geranium,shrub,undefined,0.38955483870967744,2.3042015095238093
Glycine,shrub,zoochory,0.91,6.287422222222222
Hydrocotyle,herb,zoochory,0.11113249316666667,0.37615904857142857
Hypericum,subshrub,zoochory,0.39768846153846155,0.022913333333333334
Juncus,tussock,zoochory,0.9027542372881356,0.0225292225
Kennedia,shrub,zoochory,1.0993833333333334,20.380858461538462
Lepidosperma,tussock,zoochory,0.8560869565217392,3.9918407142857144
Leptorhynchos,herb,anemochory,0.23598529411764707,0.3308961714285714
Neurachne,tussock,epizoochory,0.27822586688461537,1.7006000000000001
Opercularia,subshrub,zoochory,0.48001,0.49665625
Pelargonium,subshrub,zoochory,0.4441655172413793,1.6081314285714285
Poranthera,subshrub,zoochory,0.22303991206896553,0.2560361666666667
Solenogyne,herb,zoochory,0.08928571428571429,0.3721
Stylidium,tussock,zoochory,0.3501,0.1975157732
Themeda,tussock,zoochory,1.3860541666666666,4.412441891891892
Triptilodiscus,herb,epizoochory,0.0675,0.08714285714285715
Vittadinia,subshrub,anemochory,0.23719696969696968,0.9932116883116883
Amaracarpus,tree,zoochory,8,7.3
Antirhea,tree,endozoochory,11.7,75
Archirhodomyrtus,tree,NA,7,1.4952
Argyrodendron,tree,anemochory,35.19230769230769,338.25
Callicarpa,tree,endozoochory,5.22,0.58
Castanospermum,tree,hydrochory,31.3334,22709.773
Cissus,climber_woody,zoochory,23.5,29.22023929051724
Cleistanthus,tree,NA,13.38888888888889,19.2342995
Commersonia,tree,zoochory,4.650894736842106,2.1206411
Endospermum,tree,NA,35.666666666666664,NA
Gillbeea,tree,NA,27.5,9.025
Glochidion,tree,zoochory,14.194565217391304,10.949615384615385
Homalanthus,tree,zoochory,8.5667,18.499027777777776
Ixora,tree,endozoochory,6.7368421052631575,29.75
Lasianthus,shrub tree,zoochory,2,6.8
Macaranga,tree,zoochory,14.565217391304348,29.6711
Mallotus,tree,zoochory,12.929842105263157,16.75102
Decalobanthus,climber_woody,anemochory,NA,37
Mucuna,herb,hydrochory,42,3809.866666666667
Neosepicaea,climber_woody,anemochory,44,20.5
Niemeyera,tree,zoochory,20.545454545454547,8800
Pilidiostigma,tree,endozoochory,8.5778,62.2048
Psychotria,tree,zoochory,3.7634146341463413,14.192605916666666
Rockinghamia,tree,NA,16,19.38
Rourea,climber_woody,endozoochory,40,162
Schefflera,tree,zoochory,12.416625,5.74375
Syzygium,tree,zoochory,24.819243243243243,5245.463790666667
Tarenna,tree,NA,12,NA
Tetracera,climber_woody shrub,zoochory,28,12
Tetrastigma,climber_woody,endozoochory,44,71.08196363333333
Timonius,tree,zoochory,12.125,1.311
Abroma,tree,NA,5,NA
Abrophyllum,tree,endozoochory,6.9334,0.049986249999999996
Abrus,climber_woody,hydrochory,10,74.81516666666667
Aceratium,tree,NA,22.636363636363637,930
Ackama,tree,anemochory hydrochory,38,0.138
Actephila,tree,ballistic,6.318181818181818,68.3950617
Adansonia,tree,NA,15,506.53599999999994
Aidia,tree,NA,16.428571428571427,6.6948
Allosyncarpia,tree,NA,32.5,NA
Alternanthera,herb shrub,zoochory,0.5650000000000001,0.2844957894736842
Amaranthus,herb,zoochory,0.61745,0.367975
Ampelocissus,shrub,zoochory,NA,43.650000000000006
Aneilema,herb,barochory,0.2571428571428572,0.873846925
Anisomeles,shrub,NA,2,1.6766
Antidesma,tree,zoochory,10.071428571428571,23.143333333333334
Argophyllum,tree,NA,4.523785714285714,0.4202666666666667
Arthrostylis,tussock,barochory,1,1.8
Asteromyrtus,tree,NA,9.8,0.6362485714285714
Asystasia,herb,NA,0.75,NA
Austrobuxus,tree,NA,34.25,NA
Austrosteenisia,climber_woody,barochory,36,20.7720068
Backhousia,tree,anemochory,22.625,9.48696
Boea,herb,NA,0.2,0.0108
Bonamia,subshrub,barochory,0.42,4.98296
Brachychiton,tree,zoochory,15.724365384615385,146.58238339534884
Brassiantha,tree,NA,6,NA
Phyllanthus,tree,zoochory,2.4631976744186046,1.2930625
Cadellia,tree,anemochory,12.777666666666667,11.8161
Callitriche,herb,epizoochory,0.08333333333333334,0.07800444444444445
Camonea,climber_herbaceous,NA,NA,44.03746666666667
Canavalia,shrub,hydrochory,NA,614.5076437111111
Causonis,shrub tree,NA,NA,NA
Cayratia,herb,zoochory,11,17.51976592857143
Cephalaralia,climber_woody,endozoochory,3.3335,3.7794
Ceratopetalum,tree,barochory,22.6,11.995175722543353
Clematicissus,shrub,endozoochory,3,NA
Clerodendrum,tree,zoochory,6.07258064516129,58.136535
Clitoria,shrub,barochory,1,58.7
Coelospermum,tree,zoochory,3.8333333333333335,30.926000000000002
Coffea,tree,NA,6,NA
Commelina,herb,zoochory,0.39999999999999997,11.70144
Connarus,climber_woody,endozoochory,34,180
Corchorus,subshrub,barochory,0.9074074074074074,1.1899914632352941
Cyanotis,herb,NA,0.7,NA
Cyclophyllum,tree,zoochory,12,80
Dalbergia,tree,NA,NA,NA
Dendrolobium,tree,hydrochory,4.271428571428571,214.40682786666667
Desmodium,tree,zoochory,1.177516129032258,2.63036456
Grona,herb subshrub,NA,1.1333333333333333,NA
Dioclea,climber_woody,hydrochory,NA,3500
Diospyros,tree,endozoochory,12.947368421052632,217.48246807090908
Dipteracanthus,subshrub,NA,1.2,3.3133
Dissiliaria,tree,NA,26.666666666666668,68.078
Distimake,herb,myrmecochory,NA,46.98
Dolichandrone,tree,hydrochory,10.666666666666666,29.32
Dracophyllum,tree,anemochory hydrochory,2.4483,0.0527550875
Erigeron,herb shrub,anemochory,0.6651428571428571,0.37615705405405403
Erycibe,climber_woody,endozoochory,NA,490
Erythroxylum,tree,zoochory,10.966666666666667,17.8782
Eugenia,tree,NA,6.666666666666667,301.14
Excoecaria,tree,hydrochory,10.846153846153847,64.312
Flagellaria,climber_woody,endozoochory,12,41.08122664285714
Fuirena,tussock,epizoochory,0.479125,0.085608
Gahnia,tussock,zoochory,1.08015625,10.552765806451612
Galactia,shrub,zoochory,1.4,23.559466666666665
Gardenia,tree,zoochory,6.5,12.6495763125
Geophila,herb,NA,NA,14.1418803
Gmelina,tree,NA,27.9,730
Gossia,tree,endozoochory,15.53332,29.50357002
Graptophyllum,tree,NA,6.428571428571429,NA
Guettarda,tree,NA,10.25,881.4141414
Guilfoylia,tree,NA,15.2,579.5925
Gynochthodes,shrub,zoochory,1.5,5.790633333333333
Hardenbergia,subshrub,zoochory,13.275,18.551027961165047
Hedyotis,shrub,barochory,0.725,0.86
Heliotropium,subshrub,zoochory,0.4446056338028169,1.3820213953488372
Hemigraphis,shrub,NA,0.5,NA
Heritiera,tree,hydrochory,15,20930
Hodgkinsonia,tree,NA,23.33325,NA
Hypolytrum,tussock,barochory,1,1.1093333333333333
Indagator,tree,NA,9.5,NA
Ipomoea,shrub,hydrochory,1.95,64.02752237169811
Isolepis,tussock,undefined,0.1498525,0.16306830129870128
Jacquemontia,herb shrub,barochory,0.9666666666666667,3.0348571428571427
Jasminum,tree,zoochory,3.851888888888889,90.48136531818182
Josephinia,shrub,NA,0.5428571428571428,NA
Lagunaria,tree,NA,13.666666666666666,49.5992
Larsenaikia,tree,zoochory,17.5,8.7246
Lenwebbia,tree,NA,8.142857142857142,9.3196
Lepidagathis,herb,NA,0.3,NA
Lepistemon,climber_herbaceous,NA,NA,NA
Leucopogon,tree,zoochory,1.264788679245283,10.382106711111112
Ligustrum,tree,endozoochory,7.6923076923076925,21.939
Lobelia,herb,zoochory,0.54166876648,0.07532359166666666
Lycianthes,tree,NA,5,NA
Manilkara,tree,NA,10,NA
Margaritaria,tree,NA,14,NA
Callistemon,tree,anemochory hydrochory,3.385735294117647,0.14729692387096774
Melochia,tree,NA,12,2.590624
Merremia,herb,NA,NA,8.6912
Morinda,tree,endozoochory,9,34
Motherwellia,climber_woody,NA,40,NA
Neoroepera,tree,NA,3.6666666666666665,NA
Notelaea,tree,zoochory,6.837264705882353,90.53058384285714
Oldenlandia,tree,epizoochory,0.3809090909090909,0.12833818181818182
Omphalea,tree,NA,12,16000
Operculina,climber_herbaceous herb,NA,NA,165.39093333333332
Ophiorrhiza,shrub,NA,1.3333333333333333,0.0228
Orthosiphon,herb,NA,0.5666666666666667,NA
Ozothamnus,subshrub,anemochory,1.87016,0.2426595875
Pandorea,shrub,anemochory,10.833333333333334,2.912467889908257
Paphia,shrub,NA,4,NA
Pavetta,tree,NA,5.484818181818182,219
Peripentadenia,tree,NA,32.5,780
Peristrophe,herb shrub,NA,1,NA
Petalostigma,tree,myrmecochory,6.939631578947369,27.768013330000002
Petraeovitex,climber_woody,NA,NA,NA
Phacellothrix,herb,NA,NA,NA
Phylacium,climber_herbaceous,NA,NA,15.2588
Pleioluma,tree,endozoochory,25.0208125,82
Pollia,herb,barochory,1.08325,0.6861
Polyscias,tree,zoochory,14.912289473684211,6.595109090909091
Portulaca,herb,epizoochory,0.15642857142857142,0.12790488205128206
Pseuderanthemum,tussock,epizoochory,0.48333333333333334,2.351
Pseudoweinmannia,tree,NA,32.5,NA
Psydrax,tree,endozoochory,9.657894736842104,13.066
Pueraria,herb,NA,NA,NA
Pupalia,herb,NA,NA,1.5892
Quintinia,tree,NA,16.9,0.0288
Randia,tree,zoochory,4.85,3.9932
Rhaphidospora,shrub,NA,0.63325,NA
Rhodamnia,tree,hydrochory zoochory,16.30071739130435,9.265775
Rhodomyrtus,tree,endozoochory,8.405263157894737,2.25649
Rhynchosia,shrub,zoochory,NA,12.1939677875
Ristantia,tree,NA,28.666666666666668,NA
Rostellularia,shrub,epizoochory,0.4,NA
Rubus,tree,zoochory,1.9941176470588236,1.2227474074074074
Salvia,subshrub,zoochory,0.68945,1.6340000000000001
Sankowskya,tree,NA,20,NA
Schoutenia,tree,NA,10,NA
Scleria,tussock,zoochory,0.621875,5.283485714285714
Sersalisia,tree,NA,8.11111111111111,NA
Sida,subshrub,zoochory,0.8340540540540541,63.36547151515152
Sloanea,tree,zoochory,34.88235294117647,71.00588235294117
Solori,climber_woody,NA,NA,NA
Spermacoce,subshrub,epizoochory,0.46249999999999997,0.64699
Stemodia,subshrub,hydrochory,0.5770625,0.286628
Stictocardia,climber_woody,hydrochory,NA,NA
Stigmaphyllon,climber_woody,NA,NA,NA
Strongylodon,herb,NA,NA,NA
Symplocos,tree,endozoochory,12.105882352941176,66.15066666666667
Synostemon,subshrub,zoochory,0.26666666666666666,1.868
Tarennoidea,tree,NA,NA,50.5516
Tecomanthe,climber_woody,NA,NA,NA
Thaleropia,tree,NA,28,NA
Thespesia,tree,NA,8,128.29497777777777
Thismia,herb,barochory,0.026750000000000003,NA
Thunbergia,climber_herbaceous,NA,NA,NA
Tragia,herb,barochory,NA,NA
Triflorensia,tree,NA,8,NA
Trigonostemon,tree,NA,6,NA
Tristaniopsis,tree,anemochory,25.833333333333332,1.1326314285714285
Tristellateia,climber_woody,NA,NA,NA
Triumfetta,tree,epizoochory,1.44,169.88769393125
Trochocarpa,tree,hydrochory zoochory,5.317923076923077,7.7371901
Uncaria,climber_woody,anemochory,NA,NA
Uromyrtus,tree,NA,10,4.8701149
Vandasina,climber_woody shrub,barochory,NA,72.024
Veronica,shrub,zoochory,0.4974029850746269,0.3877607372093023
Vigna,herb,zoochory,1.7,29.76374689117647
Vitex,tree,zoochory,16.742233333333335,87.9717
Wendlandia,tree,anemochory,6.777777777777778,0.017
Wetria,tree,NA,15,NA
Xanthostemon,tree,barochory,15.916666666666666,4.783838181818182
Xenostegia,herb,barochory,NA,8.598933511111111
Baeckea,subshrub,zoochory,1.3896268656716417,0.4275995166666667
Abelmoschus,shrub tree,NA,2.085714285714286,23.359835742857143
Acanthus,subshrub,NA,2.5,NA
Aegialitis,shrub,NA,2.625,250
Bombax,tree,NA,22,28.98
Bossiaea,tree,zoochory,1.5815479452054795,8.25364285993266
Buchnera,tree,barochory,0.6285714285714286,0.03764666666666667
Calandrinia,herb,undefined,0.1499345451090909,0.32056665624999997
Calytrix,tree,zoochory,1.5423212121212122,2.3261884088235294
Cartonema,herb,barochory,0.45,1.0003
Choriceras,tree,NA,11.5,17.59
Plectranthus,subshrub,zoochory,0.844225,0.29520802977099236
Crotalaria,subshrub,barochory,1.3128269230769232,13.595732698412698
Dentella,herb,endozoochory,0.3,NA
Dillenia,tree,endozoochory,10.15,21
Drypetes,tree,NA,14.583333333333334,91.2472
Evolvulus,herb subshrub,zoochory,0.48333333333333334,0.9121090909090909
Flueggea,tree,zoochory,4,3.2790836363636364
Gossypium,subshrub,barochory,3.31835,10.572416666666667
Xerochrysum,shrub,zoochory,0.6785714285714286,0.5490795652173913
Helicteres,subshrub,barochory,2.4444444444444446,3.4877666666666665
Hypoestes,shrub,epizoochory,0.9888888888888889,NA
Jacksonia,tree,epizoochory,1.883375,4.733562806666667
Lophostemon,tree,endozoochory,19.384615384615383,1.548456
Maranthes,tree,NA,21.25,NA
Melhania,shrub subshrub,zoochory,0.741625,3.3129333333333335
Mimusops,tree,NA,14,602.946
Lithomyrtus,subshrub,NA,2.8,NA
Nauclea,tree,endozoochory,23.2,0.2894
Osbornia,tree,hydrochory,5.833333333333333,NA
Pityrodia,shrub,NA,1.380952380952381,8.85367232
Polymeria,herb,barochory,0.225,13.65
Petraeomyrtus,tree,NA,2.5,0.5504
Sesbania,tree,hydrochory,4.78125,16.631766666666667
Sterculia,tree,NA,19.1905,705
Templetonia,subshrub,zoochory,1.9012692307692307,36.2325218375
Azanza,shrub tree,NA,4.25,32.532
Trichodesma,shrub,epizoochory,1.066625,9.24404
Urena,shrub,NA,2,15.351244444444445
Utricularia,herb,zoochory,0.23,0.030128979166666667
Verticordia,shrub tree,NA,1.4207964601769911,5.013473751351351
Zornia,subshrub,epizoochory,0.36542857142857144,3.61642088
Acrotriche,subshrub,zoochory,1.0221428571428572,10.0212
Callicoma,tree,hydrochory,21.333333333333332,0.2131790099009901
Goodia,shrub tree,zoochory,2.7,16.9648
Acrothamnus,tree,endozoochory,2.4233846153846152,7.9504
Podolobium,shrub,barochory,1.3337857142857144,3.6068666666666664
Pultenaea,subshrub,zoochory,1.367017543859649,3.5610797623493977
Schizomeria,tree,zoochory,26.333333333333332,109.8045
Centella,herb,undefined,0.18000000000000002,2.0146154750000003
Cuscuta,shrub,endozoochory,0.5,1.0130666666666666
Cyperus,tussock,undefined,0.5483441295546558,0.18144008908296944
Eleocharis,tussock,undefined,0.5865597014925373,0.9234051282051282
Galium,herb,zoochory,0.41,1.3397000000000001
Gratiola,herb,undefined,0.21095238095238095,0.02151778
Hemarthria,tussock,epizoochory,0.6344625,NA
Isotoma,herb,zoochory,0.24683333333333335,0.037731425
Lemna,shrub,hydrochory zoochory,0.030000000000000002,0.07
Limosella,herb,epizoochory,0.07,0.03912249166666667
Lotus,subshrub,barochory,0.39294117647058824,1.7880916666666666
Lycopus,herb,epizoochory,1.1666666666666667,0.48584
Mentha,herb,zoochory,0.43615,0.1768625
Nymphoides,herb,hydrochory zoochory,2,0.45344999999999996
Oplismenus,tussock,zoochory,0.6194736842105263,0.9660076923076922
Paspalidium,tussock,epizoochory,0.5049186046511628,0.684923076923077
Paspalum,tussock,zoochory,0.9970434782608696,2.08561
Persicaria,herb shrub,hydrochory zoochory,0.9666666666666667,1.7671103448275862
Polygonum,herb,epizoochory,0.39,0.671196
Prunus,tree,NA,20.333333333333332,2852.3333333333335
Pseudognaphalium,herb,anemochory,0.465,0.032425
Pseudoraphis,tussock,hydrochory,0.9450588235294117,0.9395679
Rumex,herb,undefined,0.6515686274509804,1.678404
Landoltia,herb,epizoochory,0.01,NA
Gastrolobium,tree,NA,1.5770676691729324,6.137570959550562
Bowenia,palmoid,NA,1.60375,2300
Neonauclea,tree,NA,30,NA
Palaquium,tree,endozoochory,30,1200
Calamphoreus,shrub,NA,2.3,NA
Diocirea,shrub,NA,1.25,NA
Eremophila,tree,zoochory,2.027917883211679,54.90727529473684
Glycocystis,shrub,NA,2.25,NA
Agiortia,shrub,NA,0.5666666666666667,NA
Almaleea,subshrub,zoochory,0.6577333333333333,1.5006
Anopterus,tree,NA,9.375,6.8368
Aotus,shrub,zoochory,1.336125,2.8022886912280702
Aristotelia,shrub,zoochory,4,6.9592
Astrotricha,shrub,hydrochory,3.21771875,5.377122222222222
Bauera,shrub,zoochory,1.62225,0.36582411085271316
Brachyloma,tree,zoochory,0.751304347826087,19.119495966666666
Chloanthes,tree,zoochory,0.5875,NA
Comesperma,subshrub,myrmecochory,1.0113846153846153,1.3052199
Cryptandra,subshrub,zoochory,0.682304347826087,0.5925089826086957
Daviesia,tree,zoochory,1.68392,10.233537584293193
Dillwynia,subshrub,zoochory,1.2835689655172413,4.254827515384616
Epacris,shrub,zoochory,1.0691428571428572,0.05218519178082192
Gompholobium,subshrub,myrmecochory,0.80865,5.087221247204969
Harmogia,shrub,anemochory,2,0.0808
Homoranthus,shrub,anemochory,0.881,2.9868
Kardomia,shrub,anemochory,2,0.15208596666666666
Seringia,shrub,zoochory,1.9357142857142857,2.13231
Kunzea,tree,myrmecochory,3.013194690265487,0.11960698802816902
Lasiopetalum,shrub,zoochory,1.4316176470588236,1.878526865359477
Lespedeza,subshrub,epizoochory,1,1.218
Lissanthe,shrub,zoochory,0.9042857142857142,42.506
Macrozamia,tree,zoochory,2.3,5980.738862727273
Melichrus,shrub,zoochory,0.5567,45.65834
Micromyrtus,shrub,anemochory,1.0741304347826086,41.48382857142857
Mirbelia,subshrub,myrmecochory,0.84165,3.026814814814815
Monotoca,tree,zoochory,2.950625,4.578677777777778
Oxylobium,shrub tree,barochory,2.162764705882353,3.5183235294117647
Phyllota,shrub,myrmecochory,0.7310666666666666,2.0011393047058825
Platysace,subshrub,zoochory,0.6388888888888888,0.67811
Polyosma,tree,zoochory,15.772727272727273,34.99
Pomaderris,tree,zoochory,3.6468695652173913,1.0177071229946524
Prostanthera,tree,zoochory,1.7816913580246914,0.6073026585034014
Pseudanthus,subshrub,zoochory,0.46185714285714285,9.0284
Ricinocarpos,shrub,zoochory,2.0267666666666666,27.26776143
Sphaerolobium,subshrub,myrmecochory,0.746551724137931,1.6995333333333333
Sprengelia,shrub,zoochory,0.825,0.04326381428571428
Spyridium,tree,zoochory,2.205769230769231,1.099226110638298
Styphelia,shrub,zoochory,0.927375,60.333175000000004
Sauropus,subshrub,zoochory,0.7768333333333334,15.164333333333333
Tetratheca,subshrub,zoochory,0.5015647058823529,1321.1978797875
Xanthosia,tree,zoochory,0.35444444444444445,1.1883266894736841
Spiraeanthemum,tree,NA,15,NA
Aponogeton,herb,epizoochory,0.6,NA
Artanema,herb shrub,NA,0.6333333333333333,0.0656
Barongia,tree,NA,36,NA
Berrya,tree,NA,20.666666666666668,NA
Shonia,shrub tree,NA,3.6666666666666665,NA
Beyeria,tree,zoochory,2.0124761904761903,14.99208
Bischofia,tree,zoochory,30,11.986666666666666
Bobea,tree,NA,18,NA
Brownlowia,tree,NA,10,NA
Cajanus,shrub,myrmecochory,1.9285714285714286,19.84113942727273
Callerya,climber_woody,barochory,NA,2435.041322
Camptostemon,tree,hydrochory,20.666666666666668,NA
Donella,tree,NA,30,NA
Cleidion,tree,NA,18,NA
Codiaeum,tree,NA,5.4,NA
Androcalva,tree,epizoochory,4.214285714285714,2.652406704166667
Eschenbachia,shrub,NA,1.889,NA
Crispiloba,shrub,NA,4,NA
Cuttsia,tree,NA,11.5,0.02696
Cyrtandra,shrub,NA,3,0.0085
Davidsonia,tree,zoochory,12.575727272727272,415.42857143333333
Deplanchea,tree,NA,20,NA
Dimorphocalyx,tree,NA,13.333333333333334,NA
Eucryphia,tree,barochory,17.428571428571427,0.8949662111111111
Everistia,tree,NA,5.9334,NA
Firmiana,tree,NA,25,NA
Floscopa,herb,NA,0.8,0.88544
Fontainea,tree,zoochory,9.025692307692308,895
Franciscodendron,tree,anemochory,31.666666666666668,136.33333333333334
Gaultheria,shrub,endozoochory,1.176923076923077,0.048227775
Karrabina,tree,NA,36,0.32
Hanslia,shrub,NA,2,NA
Harnieria,shrub subshrub,NA,1.5734,NA
Helichrysum,subshrub,epizoochory,0.7145454545454546,0.35687142857142856
Coronidium,subshrub,anemochory,0.5801538461538461,0.3036586046511628
Eumachia,tree,zoochory,3,27.797066666666666
Howittia,shrub,zoochory,2.375,3.6304248333333335
Hylandia,tree,NA,30,NA
Lenbrassia,shrub,NA,3.6666666666666665,0.1004
Leucas,herb,NA,0.5,NA
Lindsayomyrtus,tree,NA,30,NA
Mackinlaya,shrub,NA,4.92,39.84952
Malvastrum,shrub,zoochory,0.6814444444444444,1.6522778947368422
Microstachys,shrub,myrmecochory,1,13.1
Mitrantia,tree,NA,25,NA
Neofabricia,tree,NA,6,7.5050444333333335
Neolamarckia,tree,NA,30,40
Amorphospermum,tree,NA,20,NA
Nypa,tree,hydrochory,13,NA
Olea,tree,endozoochory,17.5,130.56990000000002
Ormosia,tree,NA,25,NA
Parinari,tree,zoochory,10,1828.4899999999998
Pimelodendron,tree,NA,35,NA
Plumbago,shrub,NA,1.0666666666666667,8.640266666666665
Van-royena,tree,NA,20,5200
Pullea,tree,NA,30.333333333333332,6
Rinorea,tree,NA,11,NA
Sambucus,shrub tree,endozoochory,2.6923076923076925,3.5411200000000003
Scyphiphora,tree,hydrochory,5.333333333333333,NA
Teucrium,tree,zoochory,0.649918918918919,2.034735
Sphaerantia,tree,NA,17.5,NA
Stockwellia,tree,NA,40,NA
Suregada,tree,NA,25,NA
Suriana,shrub,NA,3.3333333333333335,11.7767
Syncarpia,tree,barochory,23,1.2427933333333334
Ternstroemia,tree,NA,19.333333333333332,570
Thryptomene,tree,anemochory,1.5158524590163935,2.2705928571428573
Trachymene,shrub,zoochory,0.5481413597468354,0.7510554565217391
Trichospermum,tree,endozoochory,25,0.72
Vesselowskya,tree,NA,8,0.053733333333333334
Waltheria,shrub,barochory,2.625,1.8535466666666667
Welchiodendron,tree,NA,35,NA
Whyanbeelia,tree,NA,25,NA
Anemocarpa,herb subshrub,NA,0.4,0.39168000000000003
Calotis,subshrub,zoochory,0.28736668864367815,1.0879201668831169
Cullen,subshrub,hydrochory,1.0444444444444445,5.767593103448276
Erodium,herb,zoochory,0.32938561469047617,4.362460444444444
Leiocarpa,subshrub,anemochory,0.46190476190476193,0.218806
Ptilotus,subshrub,epizoochory,0.5609212274875,2.2294108988636365
Rhodanthe,herb,anemochory,0.24335996003333332,1.2469095384615385
Swainsona,shrub,hydrochory,0.5167603305785125,3.737944505217391
Platylobium,subshrub,zoochory,1.0884545454545453,10.231033435114504
Actinobole,herb,epizoochory,0.057092737916666664,0.07310900000000001
Celmisia,herb,anemochory,0.4662,5.483585344827587
Oreomyrrhis,herb,zoochory,0.3113529411764706,2.2095235294117646
Colobanthus,herb,zoochory,0.133,0.11119683636363636
Erymophyllum,herb,NA,0.17548836580000002,0.651284
Fimbristylis,tussock,epizoochory,0.4467948717948718,0.32913881481481483
Walwhalleya,tussock,epizoochory,0.5333,0.5009
Podolepis,herb,anemochory,0.34604412554545455,0.8652133261904762
Pycnosorus,herb,anemochory,0.4115384615384615,0.6253153846153846
Waitzia,herb,anemochory,0.35361607725,0.5258916
Actinotus,subshrub,zoochory,0.3939130434782609,1.05577332
Caustis,tussock,zoochory,1.1,12.560425
Cyathochaeta,tussock,epizoochory,1.3333333333333333,9.19559
Digitaria,tussock,zoochory,0.5602538461538461,0.5754618181818182
Entolasia,tussock,epizoochory,0.6698125,1.39462
Eutaxia,shrub,zoochory,1.231,2.99165
Halgania,subshrub,epizoochory,0.6881666666666667,4.689733333333334
Hyalosperma,herb,anemochory,0.1074323357631579,0.2724895
Imperata,tussock,anemochory,0.8428571428571429,0.20045271666666667
Isoetopsis,herb,barochory,0.053517711571428574,0.6609675
Micrantheum,subshrub,zoochory,1.28,3.4133999999999998
Minuria,subshrub,anemochory,0.3621212121212121,0.31768266666666667
Duma,shrub,endozoochory,1.490909090909091,3.384595
Myriocephalus,herb,epizoochory,0.1236,0.553065
Omphalolappula,herb,epizoochory,0.21656135999999998,1.4960666666666667
Panicum,tussock,hydrochory,0.7696293103448276,0.69956
Pomax,subshrub,epizoochory,0.28900000000000003,1.2093857142857143
Rutidosis,shrub,zoochory,0.3125,0.8065080689655172
Woollsia,shrub,barochory,1.3,0.1587895238095238
Aphanopetalum,shrub,zoochory,3.5,4.0584
Andersonia,shrub,NA,0.48043478260869565,0.11404375
Beaufortia,shrub,zoochory,1.7727272727272727,0.5686008695652174
Calothamnus,shrub tree,NA,1.7365853658536585,0.6390189953488372
Chamelaucium,shrub,NA,1.875,25.648933333333332
Darwinia,shrub,zoochory,1.1635,6.2416019333333335
Eremaea,shrub tree,NA,1.94,2.3148145454545452
Hypocalymma,shrub,NA,0.8476190476190476,0.8682593636363637
Lysinema,shrub,NA,0.8388888888888889,0.18
Microcorys,subshrub,NA,1.3411764705882352,2.5254999999999996
Regelia,shrub tree,NA,3.3,2.644148
Taxandria,tree,NA,4.326666666666666,0.25136444444444445
Wilsonia,subshrub,epizoochory,0.17272727272727273,4.413133333333334
Chrysopogon,tussock,zoochory,1.1305416666666666,2.06125
Dichanthium,tussock,epizoochory,0.675,0.9994415384615385
Iseilema,tussock,epizoochory,0.34220689655172415,1.1862
Cenchrus,tussock,epizoochory,1.0186166666666667,2.00494
Sorghum,tussock,zoochory,1.971235294117647,5.64032
Austromyrtus,tree,zoochory,1.1111666666666666,2.419008
Euryomyrtus,shrub,zoochory,0.5639166666666666,0.46375
Brunoniella,herb,barochory,0.10716666666666666,9.3696
Crassula,subshrub,undefined,0.12510318256666667,0.028917353125
Cymbopogon,tussock,zoochory,0.973551724137931,1.542825
Oxytes,shrub,zoochory,0.4625,3.5508
Hemigenia,subshrub,myrmecochory,1.148511111111111,1.0385348578947369
Ficinia,herb,zoochory,0.8055555555555556,0.17176
Lagenophora,herb,zoochory,0.24363636363636362,0.5065
Monotaxis,subshrub,zoochory,0.3140769230769231,1.7526666666666666
Ptilothrix,tussock,zoochory,0.3776666666666667,1.6448
Samolus,herb,epizoochory,0.5625,0.033275
Scutellaria,herb,zoochory,0.25,0.6678
Spinifex,tussock,anemochory,0.65,13.85
Tristania,tree,anemochory hydrochory,3,0.06036
Viminaria,shrub tree,zoochory,4,6.7134285714285715
Xyris,tussock,epizoochory,0.8111428571428572,0.09726190476190476
Bothriochloa,tussock,zoochory,0.81595,1.0484018181818182
Urochloa,tussock,barochory,0.5258243243243244,1.9301142857142857
Calocephalus,subshrub,epizoochory,0.27749999999999997,0.13299733333333333
Gnephosis,herb,zoochory,0.117137627,0.0485776
Helipterum,herb,epizoochory,0.226875,1.2805
Paractaenum,tussock,anemochory,0.3859230769230769,2.0507
Radyera,shrub,zoochory,2.1,6.40192
Thyridolepis,tussock,epizoochory,0.32494736842105265,1.6075
Centotheca,tussock,zoochory,0.702,NA
Geum,herb,zoochory,0.75,1.9894380741935485
Leucochrysum,herb,anemochory,0.291125,0.8672795454545454
Lophatherum,tussock,zoochory,0.725,2.63
Saccharum,tussock,anemochory,4,0.4494666666666667
Schizachyrium,tussock,hydrochory,0.5009444444444444,1.7417
Tephrosia,subshrub,barochory,1.096392156862745,8.872788235294118
Carpha,tussock,anemochory,0.19916666666666666,2.422097435897436
Anodopetalum,tree,NA,14.25,NA
Archeria,shrub,NA,2.940909090909091,0.0312
Fieldia,herb,endozoochory,NA,0.026
Pavonia,shrub,NA,5.75,NA
Richea,tree,zoochory,3.9318181818181817,0.12458314285714286
Tetracarpaea,shrub,NA,1.2,0.0073333
Wittsteinia,shrub,endozoochory,0.45,1.0784
Scholtzia,shrub tree,NA,1.7961538461538462,1.7295266666666667
Roebuckiella,herb,NA,0.24616666666666667,0.4981333333333333
Chthonocephalus,herb,zoochory,0.021423955100000003,0.16304125
Eriochloa,tussock,epizoochory,0.6686923076923077,1.28452
Malva,shrub,zoochory,2.5444,7.971044444444445
Stuartina,herb,epizoochory,0.08944444444444445,0.085
Trigonella,herb,epizoochory,0.4,4.067033333333334
Alloteropsis,tussock,epizoochory,1.00825,1.5236969714285715
Alysicarpus,shrub,barochory,1.6666666666666667,3.1167
Austrodolichos,herb,barochory,NA,22.5
Bulbostylis,tussock,epizoochory,0.185,0.08131111111111111
Dunbaria,herb,myrmecochory,NA,22.4
Eriosema,shrub,myrmecochory,0.8,10.8
Flemingia,subshrub,barochory,1.325,13.77257145
Knoxia,herb,barochory,0.6333333333333333,1.93
Murdannia,herb,barochory,0.5,3.141
Setaria,tussock,epizoochory,1.02378,2.340216
Thaumastochloa,tussock,myrmecochory,0.31266666666666665,2.29927535
Uraria,herb shrub,barochory,0.3,4.54164
Whiteochloa,tussock,barochory,0.7958333333333334,NA
Yakirra,tussock,barochory,0.4093333333333333,5.7
Androstoma,shrub,NA,0.35,NA
Asterotrichion,tree,NA,9,4.66
Hysterobaeckea,shrub,NA,2,0.802
Sannantha,shrub tree,anemochory,2.2,0.07441553333333334
Cressa,subshrub,zoochory,0.16675,NA
Cyathodes,tree,NA,1.8636363636363635,60.0495
Glycyrrhiza,subshrub,epizoochory,0.7332,7.397733333333333
Gynatrix,shrub tree,zoochory,3.5,2.948933333333333
Hemichroa,subshrub,zoochory,0.45,NA
Ixodia,shrub subshrub,zoochory,0.8363636363636364,0.2172
Kippistia,shrub,anemochory,0.425,0.0512
Lawrencia,subshrub,zoochory,0.7620476190476191,1.35463
Leptecophylla,shrub,endozoochory,2.3125,20.335733333333334
Leucophyta,shrub,anemochory,1,0.15026666666666666
Odixia,shrub,NA,2.5,0.8500000000000001
Pentachondra,shrub,endozoochory,0.76,1.02899428
Planocarpa,shrub,NA,0.3,NA
Prionotes,climber_woody shrub,NA,10,NA
Pseudopanax,shrub,NA,1.5,NA
Stonesiella,shrub,NA,2,1.4372
Thomasia,shrub,anemochory,1.2402173913043477,1.796373225
Millotia,herb,anemochory,0.088289833277777785,0.18260933333333335
Cyrtococcum,tussock,barochory,0.3333333333333333,0.37886000000000003
Lygodium,herb,anemochory,12,0.001
Haplopteris,fern,anemochory,0.5,0.001
Abildgaardia,tussock,NA,0.4866666666666667,NA
Baumea,tussock,hydrochory,1.3,1.7132
Bolboschoenus,tussock,endozoochory,1.0923076923076922,4.27852
Cladium,tussock,hydrochory,1.8333333333333333,2.170572
Ancistrachne,tussock,epizoochory,1.41675,NA
Arthragrostis,tussock,anemochory,0.625,NA
Arthraxon,tussock,anemochory,1.25,0.3522
Arundinella,tussock,epizoochory,1.3071428571428572,0.37293333333333334
Calyptochloa,tussock,epizoochory,0.26666666666666666,NA
Cleistochloa,tussock,epizoochory,0.5888333333333333,NA
Coelachne,tussock,anemochory,0.2,NA
Coix,tussock,anemochory,1.3667500000000001,NA
Echinochloa,tussock,epizoochory,0.9258260869565217,1.2117333333333333
Elionurus,tussock,anemochory,0.70825,NA
Eremochloa,tussock,epizoochory,0.46375,NA
Garnotia,tussock,anemochory,0.45,NA
Holcolemma,tussock,anemochory,0.35,NA
Hymenachne,tussock,anemochory,1.15,NA
Hyparrhenia,tussock,epizoochory,1.6051538461538462,0.415
Ichnanthus,tussock,anemochory,0.6,0.1868
Isachne,tussock,epizoochory,0.33484615384615385,0.59784
Microstegium,tussock,anemochory,0.5556666666666666,0.064
Ophiuros,tussock,anemochory,2.6666666666666665,NA
Ottochloa,tussock,anemochory,0.5416666666666666,0.4438
Paraneurachne,tussock,anemochory,0.35,3.353733333333333
Pogonatherum,tussock,anemochory,0.3,0.084
Sacciolepis,tussock,epizoochory,0.4916666666666667,0.17173333333333335
Stenotaphrum,tussock,anemochory,0.265,NA
Thuarea,tussock,anemochory,0.1375,NA
Uranthoecium,tussock,anemochory,0.2305,1.9634
Xerochloa,tussock,anemochory,0.38,NA
Angianthus,shrub,zoochory,0.12805555555555556,0.152617175
Levenhookia,herb,epizoochory,0.09678621972413794,0.024479777777777777
Montia,tussock,undefined,0.13466666666666666,0.4703
Siloxerus,herb,anemochory,0.04872727272727273,0.1065019
Acanthocladium,shrub,NA,NA,0.3856
Stigmatodactylus,herb,NA,NA,NA
Acomis,herb,NA,0.6665,0.415
Acrophyllum,shrub,NA,1.5,0.0552
Aeschynomene,shrub,barochory,1.0166666666666666,7.171787692307692
Alchemilla,herb,epizoochory,0.175,0.4476
Alexfloydia,herb,NA,0.1665,NA
Allittia,tussock,zoochory,0.3333333333333333,0.36893333333333334
Ammobium,herb,epizoochory,0.66,0.7422
Apalochlamys,herb,anemochory,1.6666666666666667,NA
Aphanes,herb,epizoochory,0.072875,14.3993
Argentipallium,herb,epizoochory,0.34,0.17653
Argyrotegium,herb,anemochory,0.11320000000000001,0.05768342307692308
Austrobryonia,herb tussock,endozoochory,NA,NA
Bacopa,herb,NA,0.35,0.02356
Bulbophyllum,herb,anemochory,0.1,NA
Burmannia,herb,NA,0.4776666666666667,0.006
Calomeria,herb,zoochory,1.5,0.0896
Camptacra,shrub,anemochory,NA,0.7716
Centranthera,herb,NA,0.36000000000000004,0.03072
Ceratogyne,herb,epizoochory,0.09945961025,1.1114166666666667
Ceratophyllum,herb,epizoochory,0.6,NA
Ceratopteris,herb,NA,NA,0.0038023
Liparis,herb,NA,0.20825,NA
Chorizema,shrub,myrmecochory,0.5667,3.0503519538461537
Desmodiopsis,herb,zoochory,0.511,NA
Dichromochlamys,herb,NA,0.19333333333333333,0.40624
Dicrastylis,subshrub,zoochory,0.8744186046511628,3.301493333333333
Duperreya,herb,anemochory epizoochory hydrochory,2,NA
Durringtonia,herb,NA,0.6665,NA
Elachanthus,herb,epizoochory,0.108,0.2867
Elacholoma,herb,epizoochory,NA,0.0464
Pappochroma,herb,anemochory,0.16383333333333333,0.5148454545454545
Eriochlamys,herb,epizoochory,0.09166666666666667,0.298184
Erodiophyllum,herb,barochory,0.35,1245.0595
Euphrasia,subshrub,barochory,0.3640294117647059,0.26852157272727273
Ewartia,shrub,anemochory,0.07383333333333333,9.2413733
Exocarya,herb,NA,0.6665,NA
Gilesia,subshrub,NA,NA,NA
Glossostigma,herb,epizoochory,0.05333333333333334,0.015519999999999999
Gnaphalium,herb,barochory,0.139,0.025490225000000002
Gymnoschoenus,tussock,barochory,1.125,2.0279499999999997
Hackelia,herb,epizoochory,1.5,1.77909765
Hannafordia,shrub,zoochory,0.83325,7.0755951
Homopholis,herb,anemochory,0.31675000000000003,1.0495999999999999
Isotropis,subshrub,NA,0.36,9.24872
Ixiochlamys,subshrub,anemochory,0.175,0.28587999999999997
Kalanchoe,subshrub,NA,0.5333333333333333,NA
Lemooria,herb,epizoochory,0.05,0.1164
Lepironia,herb,NA,1.2,2.856
Leptostigma,herb,endozoochory,NA,0.8288
Limonium,herb,hydrochory,0.516625,1.174
Lindernia,herb,NA,0.26792307692307693,0.034448
Liparophyllum,herb,NA,0.72,0.6178666666666667
Lycopodiella,lycophyte,anemochory,0.33333333333333337,0.001
Mazus,herb,epizoochory,0.05,0.0456
Mimulus,herb,epizoochory,0.1797,0.013146666666666668
Muelleranthus,herb subshrub,zoochory,NA,3.054
Myosotis,herb,epizoochory,0.27553333333333335,0.3183
Nertera,herb,endozoochory,0.05,1.10952
Ochrosperma,shrub,NA,0.6445,0.328
Oreobolus,herb,endozoochory,0.07433333333333333,0.7618176470588235
Ornduffia,herb,hydrochory myrmecochory,2.1237857142857144,NA
Orobanche,herb,endozoochory,0.2833333333333333,0.007688325
Paenula,shrub,NA,NA,NA
Parantennaria,herb,anemochory,0.029333333333333333,0.030266666666666667
Pedleya,shrub,NA,NA,NA
Peplidium,herb,NA,0.05,0.073176
Phormium,herb,NA,NA,3.0721
Plagiobothrys,herb,epizoochory,NA,0.4408
Pleurolobus,herb subshrub,NA,NA,NA
Podotheca,herb,anemochory,0.22626427365000001,0.5472660714285714
Pogonolepis,herb,zoochory,0.10984210514285714,0.07428757142857143
Polycalymma,herb,anemochory,0.3666666666666667,5.663826086956521
Potentilla,herb,zoochory,0.39999999999999997,NA
Pullenia,herb,epizoochory,NA,NA
Rhynchospora,herb,epizoochory,0.6333333333333333,1.6253033333333333
Rinzia,shrub subshrub,NA,0.6153846153846154,NA
Schoenia,herb,epizoochory,0.3708905384444444,4.9481909
Schoenoplectiella,tussock,endozoochory,0.4762941176470588,0.8751800000000001
Schoenoplectus,herb,endozoochory,1.2,1.4237266666666666
Scirpus,tussock,epizoochory,NA,0.1384
Scleranthus,herb,zoochory,0.1377142857142857,0.6911522580645161
Sparganium,herb,epizoochory,1.0582500000000001,7.2805369
Striga,herb,NA,0.44999999999999996,0.00636
Synaptantha,herb,anemochory,0.1,0.01146
Telmatoblechnum,fern,NA,NA,NA
Thyridia,herb,NA,NA,NA
Torenia,herb,NA,NA,NA
Trichanthodium,herb,zoochory,0.245,0.13444
Triplarina,shrub,NA,0.6665,0.37990993333333334
Vitis,climber_woody,NA,NA,NA
Zygochloa,tussock,epizoochory,0.975,1.089
Aciphylla,herb,zoochory,1.0441666666666667,4.513145238095238
Diplaspis,herb,anemochory,0.09380000000000001,0.9863909090909091
Gingidia,herb,zoochory,0.32233333333333336,3.752108333333333
Lycopodium,lycophyte,anemochory,0.2805,NA
Oschatzia,herb,zoochory,0.1335,1.32925
Papillilabium,herb,anemochory,NA,NA
Psilotum,lycophyte,anemochory,NA,NA
Tetraria,tussock,epizoochory,0.7644444444444444,7.76
Byblis,shrub subshrub,NA,0.42,0.06802
Christia,herb,NA,NA,NA
Cyclocarpa,herb,NA,0.3,0.548
Aphyllodium,shrub,NA,1.5,NA
Dubouzetia,shrub,NA,2.5,NA
Gomphrena,herb,epizoochory,0.4327037037037037,0.89943667
Notoleptopus,shrub,NA,1,1.5488
Leptosema,shrub subshrub,NA,0.4,3.40096
Omegandra,herb,NA,0.8,NA
Pycnospora,shrub,NA,NA,NA
Smithia,shrub,NA,1,0.3774
Actinoschoenus,herb,NA,NA,NA
Actinoscirpus,herb,NA,NA,NA
Aluta,shrub,NA,1.9,2.91
Alyogyne,shrub tree,NA,2.5454545454545454,4.4635
Anacampseros,herb,zoochory,NA,0.1237
Aniseia,herb,NA,NA,39.4152
Basilicum,herb,NA,1.2,0.080352
Bonnaya,herb,NA,NA,NA
Calycopeplus,tree,NA,3.8,5.559900000000001
Coldenia,herb,NA,0.6,4.345
Crosslandia,herb,NA,0.4,NA
Decaschistia,subshrub,NA,1.5,17.8616034
Dicarpidium,shrub,NA,0.6,NA
Dopatrium,herb,NA,NA,NA
Herissantia,herb,NA,0.9,2.548702222222222
Hildegardia,tree,NA,NA,319.7777778
Homalocalyx,subshrub,NA,0.9,1.9158
Hullsia,herb,NA,1,0.7768
Hygrochloa,herb,NA,0.9375,NA
Hygrophila,herb,NA,0.6666666666666666,NA
Kohautia,herb,NA,0.5,NA
Limnophila,herb,NA,0.3,0.0235294
Mapania,herb,NA,NA,NA
Microcarpaea,herb,NA,NA,NA
Nelsonia,herb,NA,0.15,NA
Nelumbo,herb,NA,NA,NA
Newcastelia,subshrub,NA,1.1,5.008733333333334
Pentapetes,herb,NA,NA,3.8068
Phyllodium,shrub,NA,NA,5.1178
Platyzoma,herb,NA,NA,NA
Pogostemon,herb,NA,0.6,NA
Rhamphicarpa,herb,NA,NA,0.016
Salomonia,herb,NA,0.35,NA
Sedopsis,herb,NA,NA,NA
Staurogyne,herb,NA,NA,NA
Surreya,subshrub,NA,NA,NA
Thoracostachyum,herb,NA,NA,NA
Utania,tree,NA,NA,NA
Uvedalia,herb,NA,0.35,NA
Dichosciadium,herb,NA,0.1,5.6727125
Azorella,herb,zoochory,NA,5.412
Agonis,tree,NA,6.611111111111111,17.673814285714286
Asteridea,shrub,epizoochory,0.4027272727272727,0.2738648
Berula,herb,epizoochory,0.65,0.558048
Blennospora,herb,anemochory,0.07250923313333334,0.4513358571428571
Callistachys,tree,zoochory,8,2.9762
Haegiela,herb,zoochory,0.08,0.03288
Lilaeopsis,herb,hydrochory,0.275,NA
Oenanthe,herb,NA,0.65,NA
Phylloglossum,tussock,anemochory,0.0325,0.001
Quinetia,herb,epizoochory,0.10438712766666666,0.509375
Saxipoa,tussock,epizoochory,0.5900000000000001,NA
Spirodela,herb,epizoochory,NA,NA
Wolffia,herb,epizoochory,0.01,NA
Chamaeraphis,herb,NA,0.425,NA
Oxymyrrhine,shrub,NA,0.5875,NA
Astartea,subshrub,NA,1.3273584905660378,0.7406907692307693
Achnophora,herb,NA,NA,0.2526
Basedowia,herb,NA,NA,NA
Cephalipterum,herb,NA,0.23209828933333335,2.506685
Chondropyxis,herb,NA,0.05666666666666667,0.2392
Dimorphocoma,herb,NA,0.105,NA
Embadium,herb,NA,NA,0.976
Haeckeria,shrub,anemochory,1.5,0.11580000000000001
Gratwickia,herb,NA,0.09999999999999999,0.0456
Ixiolaena,herb,anemochory,0.35,0.35
Neosciadium,herb,NA,0.05333333333333334,NA
Plagiocarpus,shrub,NA,NA,NA
Actinodium,shrub,NA,0.8,NA
Adenosma,herb,NA,NA,NA
Aenictophyton,shrub,epizoochory,0.1335,2.8028
Althaea,herb,NA,NA,NA
Apluda,herb,NA,3,0.6236
Argyroglottis,shrub,NA,1.8,NA
Cyathostemon,shrub,NA,0.9,0.65504
Anticoryne,shrub,NA,1.5,NA
Balaustion,shrub,NA,0.3,0.2
Bellida,herb,NA,0.117148646,1.474574
Cephalosorus,herb,NA,0.3,NA
Cephalotus,herb,NA,0.4,0.1356
Chlaenosciadium,herb,NA,NA,NA
Chrysitrix,herb,NA,0.6,NA
Clausospicula,herb,NA,0.375,NA
Schistotylus,herb,NA,NA,NA
Coleanthera,shrub,NA,1.05,NA
Conostephium,shrub,NA,1.2277777777777779,46.4952
Conothamnus,shrub,NA,1,NA
Corynanthera,shrub,NA,1.75,0.8132
Cosmelia,shrub,NA,2.25,NA
Cyanostegia,shrub,NA,1.68,5.5889
Cyperochloa,herb,NA,0.28500000000000003,NA
Dallwatsonia,herb,NA,1,NA
Decazesia,herb,NA,0.2,0.2132
Dicladanthera,herb subshrub,NA,1,NA
Dithyrostegia,herb,NA,0.175,NA
Donatia,shrub,NA,0.05,0.116
Emblingia,shrub,NA,NA,NA
Epitriche,herb,NA,0.05,0.1888
Eremosyne,herb,NA,0.175,NA
Erichsenia,shrub,NA,NA,NA
Euchilopsis,shrub,NA,1,NA
Evandra,herb,NA,1.85,9.9517467
Forstera,herb,NA,0.1,0.0932
Gilruthia,herb,NA,0.046,0.064615
Guichenotia,shrub,NA,1.0470588235294118,1.60510551
Hemiandra,shrub,NA,0.6916666666666667,2.0659
Hemiphora,shrub,NA,0.975,NA
Homalosciadium,herb,NA,0.13,0.31
Homalospermum,tree,NA,6,1.0344
Huxleya,herb,NA,NA,NA
Hyalochlamys,herb,NA,0.03,NA
Hydnophytum,shrub,NA,NA,NA
Hydrolea,herb,NA,1.5,0.0066406
Isoglossa,herb,NA,NA,0.9845588
Lachnostachys,shrub,NA,1.2833333333333332,1.5981999999999998
Lamarchea,shrub,NA,3.5,1.3600666666666665
Lamprolobium,shrub,NA,NA,38.5912
Latrobea,shrub,NA,1.25,1.88055
Lawrencella,herb,NA,0.22436385741666667,3.7521804285714286
Yamazakia,herb,NA,NA,NA
Lysicarpus,tree,NA,NA,0.5168
Lysiosepalum,shrub,NA,1.13,1.3139666666666667
Malleostemon,shrub,NA,2.0833333333333335,1.4589333333333334
Muellerolimon,herb,NA,1,NA
Myrmecodia,shrub,NA,NA,NA
Nablonium,herb,NA,NA,NA
Needhamiella,shrub,NA,0.275,NA
Nomismia,herb,NA,NA,NA
Nyssanthes,herb,zoochory,NA,0.7204
Ocimum,herb,NA,NA,NA
Oligarrhena,shrub,NA,0.5,NA
Ourisia,herb,NA,NA,0.1149
Pentapeltis,herb,NA,0.2,3.18
Pericalymma,shrub,NA,1.33125,0.2644
Phyllachne,herb,NA,NA,0.0481884
Phymatocarpus,shrub,NA,2,0.113
Physopsis,shrub,NA,2.275,NA
Pileanthus,shrub,NA,1.475,11.91742
Pithocarpa,shrub,NA,0.875,NA
Platostoma,herb,NA,NA,NA
Platytheca,shrub,NA,0.875,5.5067
Pseudochaetochloa,herb,NA,NA,NA
Pterygopappus,herb,NA,0.1,0.076
Ptychosema,herb,NA,NA,NA
Quinqueremulus,herb,NA,0.1,NA
Reedia,herb,NA,3.5,NA
Rothia,herb,NA,NA,0.716
Rumicastrum,herb,NA,NA,NA
Schoenolaena,herb,NA,0.75,NA
Scirpodendron,herb,NA,NA,NA
Spartochloa,herb,NA,0.6,1.1488
Spathia,herb,NA,0.45,1.7512
Sphenotoma,shrub,NA,1.075,0.04948333333333333
Spiculaea,herb,NA,0.18,NA
Stachystemon,shrub,NA,0.6888888888888889,13.5135
Stylobasium,shrub,NA,2.25,119.5262
Tadehagi,shrub,NA,1.5,NA
Thelepogon,herb,NA,1.0499999999999998,NA
Thiseltonia,herb,NA,0.23,NA
Townsonia,herb,NA,NA,NA
Trachystylis,herb,NA,NA,1.2628
Tremandra,shrub,NA,1.06,NA
Urodon,shrub,NA,0.8999999999999999,3.4568000000000003
Walteranthus,shrub,NA,2,NA
Xerothamnella,shrub,NA,0.6665,NA
Babingtonia,shrub,anemochory,0.7776666666666667,0.12956666666666666
Pterochaeta,herb,NA,0.18,0.17980000000000002
Astus,shrub,NA,0.9666666666666667,NA
Ericomyrtus,shrub,NA,1,NA
Brachyscias,herb,NA,0.020999999999999998,NA
Brachysola,shrub,NA,0.6,NA
Balladonia,herb,NA,0.5,NA
Cheyniana,shrub,NA,NA,NA
Croninia,shrub,NA,1.25,NA
Dielitzia,herb,NA,NA,NA
Enekbatus,shrub,NA,0.745,NA
Feldstonia,herb,NA,NA,NA
Fitzwillia,herb,NA,0.135,NA
Gilberta,herb,NA,0.11260754633333334,0.47121999999999997
Haptotrichion,herb,NA,0.32499999999999996,1.3032
Iotasperma,herb,NA,0.23,NA
Paragonis,shrub,NA,1,NA
Pembertonia,climber_woody shrub,NA,1.45,0.5542333333333334
Rhetinocarpha,herb,NA,0.8,NA
Seorsus,shrub,NA,NA,0.366
Sondottia,herb,NA,0.11,2.7164
Taplinia,herb,NA,0.3,NA
Tetrapora,shrub,NA,1,NA
Thinicola,shrub,NA,3,NA
Tietkensia,herb,NA,NA,NA
Ampelopteris,fern herb,NA,NA,NA
Cristonia,shrub,NA,NA,NA
Dielsiodoxa,shrub,NA,1,NA
Pilbara,shrub,NA,NA,NA
Dasymalla,shrub,NA,NA,5.29622
Quoya,shrub,NA,NA,4.5856
Thedachloa,graminoid herb,NA,NA,0.036
Aeginetia,herb,NA,NA,NA
Anisotome,herb,NA,NA,1.655
Anoectochilus,herb,NA,NA,NA
Athroisma,herb,NA,NA,NA
Callipteris,fern,NA,NA,NA
Codariocalyx,herb,NA,NA,NA
Cremnothamnus,shrub,NA,NA,NA
Cymaria,shrub,NA,NA,NA
Deparia,fern,anemochory,NA,NA
Diplacrum,graminoid,NA,NA,NA
Enicostema,herb,NA,NA,NA
Geosiris,herb,NA,NA,NA
Gnetum,tree,NA,NA,NA
Hoppea,herb,NA,NA,NA
Kelita,herb,NA,NA,NA
Montitega,subshrub,NA,NA,NA
Muniria,shrub,NA,NA,14.0167286
Notisia,herb,NA,NA,NA
Paragoodia,herb,NA,NA,NA
Paramapania,graminoid,NA,NA,NA
Pholidota,herb,NA,NA,NA
Pleurophyllum,herb,NA,NA,NA
Poikilogyne,shrub,NA,NA,NA
Polhillides,shrub,NA,NA,NA
Pringlea,herb subshrub,NA,NA,2.0975
Rhinerrhizopsis,herb,NA,NA,NA
Selliguea,fern,NA,NA,NA
Serjania,climber_woody,NA,NA,NA
Stenostegia,shrub,NA,NA,NA
Sylvipoa,graminoid,NA,0.95,NA
Tapheocarpa,herb,NA,NA,NA
Tetramolopium,subshrub,NA,NA,NA
Websteria,graminoid,NA,NA,NA
